repo_name,commit_hash,filepath,commit_date,is_breaking_commit,mutation_description,lines_added,lines_deleted,net_churn,code_complexity,fields_removed_count,fields_added_count,fields_type_changed_count,fields_default_changed_count,models_renamed_count,routes_removed_count,routes_added_count,routes_param_changed_count,routes_param_type_changed_count,routes_param_default_changed_count
fastapi,synthetic-fastapi-docs_src\additional_responses\tutorial001_py310.py-0,docs_src\additional_responses\tutorial001_py310.py,,1,deleted field 'value' from model 'Item',0,0,0,0,1,0,0,0,0,0,0,0,0,0
fastapi,synthetic-fastapi-docs_src\additional_responses\tutorial001_py310.py-1,docs_src\additional_responses\tutorial001_py310.py,,1,changed type of field 'id' in model 'Item',0,0,0,0,0,0,1,0,0,0,0,0,0,0
fastapi,synthetic-fastapi-docs_src\additional_responses\tutorial001_py310.py-2,docs_src\additional_responses\tutorial001_py310.py,,1,deleted field 'value' from model 'Item',0,0,0,0,1,0,0,0,0,0,0,0,0,0
fastapi,synthetic-fastapi-docs_src\additional_responses\tutorial002_py310.py-0,docs_src\additional_responses\tutorial002_py310.py,,1,deleted field 'id' from model 'Item',0,0,0,0,1,0,0,0,0,0,0,0,0,0
fastapi,synthetic-fastapi-docs_src\additional_responses\tutorial002_py310.py-1,docs_src\additional_responses\tutorial002_py310.py,,1,changed type of field 'id' in model 'Item',0,0,0,0,0,0,1,0,0,0,0,0,0,0
fastapi,synthetic-fastapi-docs_src\additional_responses\tutorial002_py310.py-2,docs_src\additional_responses\tutorial002_py310.py,,1,changed type of field 'id' in model 'Item',0,0,0,0,0,0,1,0,0,0,0,0,0,0
fastapi,synthetic-fastapi-docs_src\additional_responses\tutorial003_py310.py-0,docs_src\additional_responses\tutorial003_py310.py,,1,deleted field 'value' from model 'Item',0,0,0,0,1,0,0,0,0,0,0,0,0,0
fastapi,synthetic-fastapi-docs_src\additional_responses\tutorial003_py310.py-1,docs_src\additional_responses\tutorial003_py310.py,,1,changed type of field 'value' in model 'Item',0,0,0,0,0,0,1,0,0,0,0,0,0,0
fastapi,synthetic-fastapi-docs_src\additional_responses\tutorial003_py310.py-2,docs_src\additional_responses\tutorial003_py310.py,,1,deleted field 'value' from model 'Item',0,0,0,0,1,0,0,0,0,0,0,0,0,0
fastapi,synthetic-fastapi-docs_src\additional_responses\tutorial004_py310.py-0,docs_src\additional_responses\tutorial004_py310.py,,1,deleted field 'value' from model 'Item',0,0,0,0,1,0,0,0,0,0,0,0,0,0
fastapi,synthetic-fastapi-docs_src\additional_responses\tutorial004_py310.py-1,docs_src\additional_responses\tutorial004_py310.py,,1,deleted field 'id' from model 'Item',0,0,0,0,1,0,0,0,0,0,0,0,0,0
fastapi,synthetic-fastapi-docs_src\additional_responses\tutorial004_py310.py-2,docs_src\additional_responses\tutorial004_py310.py,,1,deleted field 'value' from model 'Item',0,0,0,0,1,0,0,0,0,0,0,0,0,0
fastapi,synthetic-fastapi-docs_src\app_testing\app_b_an_py310\main.py-0,docs_src\app_testing\app_b_an_py310\main.py,,1,changed type of field 'id' in model 'Item',0,0,0,0,0,0,1,0,0,0,0,0,0,0
fastapi,synthetic-fastapi-docs_src\app_testing\app_b_an_py310\main.py-1,docs_src\app_testing\app_b_an_py310\main.py,,1,changed type of field 'id' in model 'Item',0,0,0,0,0,0,1,0,0,0,0,0,0,0
fastapi,synthetic-fastapi-docs_src\app_testing\app_b_an_py310\main.py-2,docs_src\app_testing\app_b_an_py310\main.py,,1,changed type of field 'title' in model 'Item',0,0,0,0,0,0,1,0,0,0,0,0,0,0
fastapi,synthetic-fastapi-docs_src\app_testing\app_b_py310\main.py-0,docs_src\app_testing\app_b_py310\main.py,,1,changed type of field 'title' in model 'Item',0,0,0,0,0,0,1,0,0,0,0,0,0,0
fastapi,synthetic-fastapi-docs_src\app_testing\app_b_py310\main.py-1,docs_src\app_testing\app_b_py310\main.py,,1,changed type of field 'description' in model 'Item',0,0,0,0,0,0,1,0,0,0,0,0,0,0
fastapi,synthetic-fastapi-docs_src\app_testing\app_b_py310\main.py-2,docs_src\app_testing\app_b_py310\main.py,,1,deleted field 'description' from model 'Item',0,0,0,0,1,0,0,0,0,0,0,0,0,0
fastapi,synthetic-fastapi-docs_src\authentication_error_status_code\tutorial001_an_py310.py-0,docs_src\authentication_error_status_code\tutorial001_an_py310.py,,1,renamed route param 'credentials' in function 'read_me',0,0,0,0,0,0,0,0,0,0,0,2,0,0
fastapi,synthetic-fastapi-docs_src\authentication_error_status_code\tutorial001_an_py310.py-1,docs_src\authentication_error_status_code\tutorial001_an_py310.py,,1,renamed route param 'credentials' in function 'read_me',0,0,0,0,0,0,0,0,0,0,0,2,0,0
fastapi,synthetic-fastapi-docs_src\authentication_error_status_code\tutorial001_an_py310.py-2,docs_src\authentication_error_status_code\tutorial001_an_py310.py,,1,renamed route param 'credentials' in function 'read_me',0,0,0,0,0,0,0,0,0,0,0,2,0,0
fastapi,synthetic-fastapi-docs_src\behind_a_proxy\tutorial001_py310.py-0,docs_src\behind_a_proxy\tutorial001_py310.py,,1,renamed route param 'request' in function 'read_main',0,0,0,0,0,0,0,0,0,0,0,0,0,0
fastapi,synthetic-fastapi-docs_src\behind_a_proxy\tutorial001_py310.py-1,docs_src\behind_a_proxy\tutorial001_py310.py,,1,renamed route param 'request' in function 'read_main',0,0,0,0,0,0,0,0,0,0,0,0,0,0
fastapi,synthetic-fastapi-docs_src\behind_a_proxy\tutorial001_py310.py-2,docs_src\behind_a_proxy\tutorial001_py310.py,,1,renamed route param 'request' in function 'read_main',0,0,0,0,0,0,0,0,0,0,0,0,0,0
fastapi,synthetic-fastapi-docs_src\behind_a_proxy\tutorial002_py310.py-0,docs_src\behind_a_proxy\tutorial002_py310.py,,1,renamed route param 'request' in function 'read_main',0,0,0,0,0,0,0,0,0,0,0,0,0,0
fastapi,synthetic-fastapi-docs_src\behind_a_proxy\tutorial003_py310.py-0,docs_src\behind_a_proxy\tutorial003_py310.py,,1,renamed route param 'request' in function 'read_main',0,0,0,0,0,0,0,0,0,0,0,0,0,0
fastapi,synthetic-fastapi-docs_src\behind_a_proxy\tutorial003_py310.py-1,docs_src\behind_a_proxy\tutorial003_py310.py,,1,renamed route param 'request' in function 'read_main',0,0,0,0,0,0,0,0,0,0,0,0,0,0
fastapi,synthetic-fastapi-docs_src\behind_a_proxy\tutorial003_py310.py-2,docs_src\behind_a_proxy\tutorial003_py310.py,,1,renamed route param 'request' in function 'read_main',0,0,0,0,0,0,0,0,0,0,0,0,0,0
fastapi,synthetic-fastapi-docs_src\behind_a_proxy\tutorial004_py310.py-0,docs_src\behind_a_proxy\tutorial004_py310.py,,1,renamed route param 'request' in function 'read_main',0,0,0,0,0,0,0,0,0,0,0,0,0,0
fastapi,synthetic-fastapi-docs_src\behind_a_proxy\tutorial004_py310.py-1,docs_src\behind_a_proxy\tutorial004_py310.py,,1,renamed route param 'request' in function 'read_main',0,0,0,0,0,0,0,0,0,0,0,0,0,0
fastapi,synthetic-fastapi-docs_src\behind_a_proxy\tutorial004_py310.py-2,docs_src\behind_a_proxy\tutorial004_py310.py,,1,renamed route param 'request' in function 'read_main',0,0,0,0,0,0,0,0,0,0,0,0,0,0
fastapi,synthetic-fastapi-docs_src\body\tutorial001_py310.py-0,docs_src\body\tutorial001_py310.py,,1,deleted field 'price' from model 'Item',0,0,0,0,1,0,0,0,0,0,0,0,0,0
fastapi,synthetic-fastapi-docs_src\body\tutorial001_py310.py-1,docs_src\body\tutorial001_py310.py,,1,changed type of field 'description' in model 'Item',0,0,0,0,0,0,1,0,0,0,0,0,0,0
fastapi,synthetic-fastapi-docs_src\body\tutorial001_py310.py-2,docs_src\body\tutorial001_py310.py,,1,deleted field 'tax' from model 'Item',0,0,0,0,1,0,0,0,0,0,0,0,0,0
fastapi,synthetic-fastapi-docs_src\body\tutorial002_py310.py-0,docs_src\body\tutorial002_py310.py,,1,deleted field 'description' from model 'Item',0,0,0,0,1,0,0,0,0,0,0,0,0,0
fastapi,synthetic-fastapi-docs_src\body\tutorial002_py310.py-1,docs_src\body\tutorial002_py310.py,,1,changed type of field 'tax' in model 'Item',0,0,0,0,0,0,1,0,0,0,0,0,0,0
fastapi,synthetic-fastapi-docs_src\body\tutorial002_py310.py-2,docs_src\body\tutorial002_py310.py,,1,changed type of field 'price' in model 'Item',0,0,0,0,0,0,1,0,0,0,0,0,0,0
fastapi,synthetic-fastapi-docs_src\body\tutorial003_py310.py-0,docs_src\body\tutorial003_py310.py,,1,deleted field 'description' from model 'Item',0,0,0,0,1,0,0,0,0,0,0,0,0,0
fastapi,synthetic-fastapi-docs_src\body\tutorial003_py310.py-1,docs_src\body\tutorial003_py310.py,,1,deleted field 'name' from model 'Item',0,0,0,0,1,0,0,0,0,0,0,0,0,0
fastapi,synthetic-fastapi-docs_src\body\tutorial003_py310.py-2,docs_src\body\tutorial003_py310.py,,1,changed type of field 'name' in model 'Item',0,0,0,0,0,0,1,0,0,0,0,0,0,0
fastapi,synthetic-fastapi-docs_src\body\tutorial004_py310.py-0,docs_src\body\tutorial004_py310.py,,1,deleted field 'description' from model 'Item',0,0,0,0,1,0,0,0,0,0,0,0,0,0
fastapi,synthetic-fastapi-docs_src\body\tutorial004_py310.py-1,docs_src\body\tutorial004_py310.py,,1,deleted field 'price' from model 'Item',0,0,0,0,1,0,0,0,0,0,0,0,0,0
fastapi,synthetic-fastapi-docs_src\body\tutorial004_py310.py-2,docs_src\body\tutorial004_py310.py,,1,deleted field 'price' from model 'Item',0,0,0,0,1,0,0,0,0,0,0,0,0,0
fastapi,synthetic-fastapi-docs_src\body_fields\tutorial001_an_py310.py-0,docs_src\body_fields\tutorial001_an_py310.py,,1,changed type of field 'tax' in model 'Item',0,0,0,0,0,0,1,0,0,0,0,0,0,0
fastapi,synthetic-fastapi-docs_src\body_fields\tutorial001_an_py310.py-1,docs_src\body_fields\tutorial001_an_py310.py,,1,changed type of field 'tax' in model 'Item',0,0,0,0,0,0,1,0,0,0,0,0,0,0
fastapi,synthetic-fastapi-docs_src\body_fields\tutorial001_an_py310.py-2,docs_src\body_fields\tutorial001_an_py310.py,,1,changed type of field 'name' in model 'Item',0,0,0,0,0,0,1,0,0,0,0,0,0,0
fastapi,synthetic-fastapi-docs_src\body_fields\tutorial001_py310.py-0,docs_src\body_fields\tutorial001_py310.py,,1,deleted field 'name' from model 'Item',0,0,0,0,1,0,0,0,0,0,0,0,0,0
fastapi,synthetic-fastapi-docs_src\body_fields\tutorial001_py310.py-1,docs_src\body_fields\tutorial001_py310.py,,1,deleted field 'description' from model 'Item',0,0,0,0,1,0,0,0,0,0,0,0,0,0
fastapi,synthetic-fastapi-docs_src\body_fields\tutorial001_py310.py-2,docs_src\body_fields\tutorial001_py310.py,,1,changed type of field 'description' in model 'Item',0,0,0,0,0,0,1,0,0,0,0,0,0,0
fastapi,synthetic-fastapi-docs_src\body_multiple_params\tutorial001_an_py310.py-0,docs_src\body_multiple_params\tutorial001_an_py310.py,,1,changed type of field 'tax' in model 'Item',0,0,0,0,0,0,1,0,0,0,0,0,0,0
fastapi,synthetic-fastapi-docs_src\body_multiple_params\tutorial001_an_py310.py-1,docs_src\body_multiple_params\tutorial001_an_py310.py,,1,changed type of field 'tax' in model 'Item',0,0,0,0,0,0,1,0,0,0,0,0,0,0
fastapi,synthetic-fastapi-docs_src\body_multiple_params\tutorial001_an_py310.py-2,docs_src\body_multiple_params\tutorial001_an_py310.py,,1,deleted field 'name' from model 'Item',0,0,0,0,1,0,0,0,0,0,0,0,0,0
fastapi,synthetic-fastapi-docs_src\body_multiple_params\tutorial001_py310.py-0,docs_src\body_multiple_params\tutorial001_py310.py,,1,deleted field 'description' from model 'Item',0,0,0,0,1,0,0,0,0,0,0,0,0,0
fastapi,synthetic-fastapi-docs_src\body_multiple_params\tutorial001_py310.py-1,docs_src\body_multiple_params\tutorial001_py310.py,,1,changed type of field 'name' in model 'Item',0,0,0,0,0,0,1,0,0,0,0,0,0,0
fastapi,synthetic-fastapi-docs_src\body_multiple_params\tutorial001_py310.py-2,docs_src\body_multiple_params\tutorial001_py310.py,,1,changed type of field 'name' in model 'Item',0,0,0,0,0,0,1,0,0,0,0,0,0,0
fastapi,synthetic-fastapi-docs_src\body_multiple_params\tutorial002_py310.py-0,docs_src\body_multiple_params\tutorial002_py310.py,,1,changed type of field 'price' in model 'Item',0,0,0,0,0,0,1,0,0,0,0,0,0,0
fastapi,synthetic-fastapi-docs_src\body_multiple_params\tutorial002_py310.py-1,docs_src\body_multiple_params\tutorial002_py310.py,,1,changed type of field 'name' in model 'Item',0,0,0,0,0,0,1,0,0,0,0,0,0,0
fastapi,synthetic-fastapi-docs_src\body_multiple_params\tutorial002_py310.py-2,docs_src\body_multiple_params\tutorial002_py310.py,,1,deleted field 'tax' from model 'Item',0,0,0,0,1,0,0,0,0,0,0,0,0,0
fastapi,synthetic-fastapi-docs_src\body_multiple_params\tutorial003_an_py310.py-0,docs_src\body_multiple_params\tutorial003_an_py310.py,,1,changed type of field 'name' in model 'Item',0,0,0,0,0,0,1,0,0,0,0,0,0,0
fastapi,synthetic-fastapi-docs_src\body_multiple_params\tutorial003_an_py310.py-1,docs_src\body_multiple_params\tutorial003_an_py310.py,,1,changed type of field 'name' in model 'Item',0,0,0,0,0,0,1,0,0,0,0,0,0,0
fastapi,synthetic-fastapi-docs_src\body_multiple_params\tutorial003_an_py310.py-2,docs_src\body_multiple_params\tutorial003_an_py310.py,,1,changed type of field 'username' in model 'User',0,0,0,0,0,0,1,0,0,0,0,0,0,0
fastapi,synthetic-fastapi-docs_src\body_multiple_params\tutorial003_py310.py-0,docs_src\body_multiple_params\tutorial003_py310.py,,1,changed type of field 'name' in model 'Item',0,0,0,0,0,0,1,0,0,0,0,0,0,0
fastapi,synthetic-fastapi-docs_src\body_multiple_params\tutorial003_py310.py-1,docs_src\body_multiple_params\tutorial003_py310.py,,1,changed type of field 'username' in model 'User',0,0,0,0,0,0,1,0,0,0,0,0,0,0
fastapi,synthetic-fastapi-docs_src\body_multiple_params\tutorial003_py310.py-2,docs_src\body_multiple_params\tutorial003_py310.py,,1,changed type of field 'full_name' in model 'User',0,0,0,0,0,0,1,0,0,0,0,0,0,0
fastapi,synthetic-fastapi-docs_src\body_multiple_params\tutorial004_an_py310.py-0,docs_src\body_multiple_params\tutorial004_an_py310.py,,1,deleted field 'tax' from model 'Item',0,0,0,0,1,0,0,0,0,0,0,0,0,0
fastapi,synthetic-fastapi-docs_src\body_multiple_params\tutorial004_an_py310.py-1,docs_src\body_multiple_params\tutorial004_an_py310.py,,1,deleted field 'description' from model 'Item',0,0,0,0,1,0,0,0,0,0,0,0,0,0
fastapi,synthetic-fastapi-docs_src\body_multiple_params\tutorial004_an_py310.py-2,docs_src\body_multiple_params\tutorial004_an_py310.py,,1,changed type of field 'username' in model 'User',0,0,0,0,0,0,1,0,0,0,0,0,0,0
fastapi,synthetic-fastapi-docs_src\body_multiple_params\tutorial004_py310.py-0,docs_src\body_multiple_params\tutorial004_py310.py,,1,changed type of field 'full_name' in model 'User',0,0,0,0,0,0,1,0,0,0,0,0,0,0
fastapi,synthetic-fastapi-docs_src\body_multiple_params\tutorial004_py310.py-1,docs_src\body_multiple_params\tutorial004_py310.py,,1,changed type of field 'full_name' in model 'User',0,0,0,0,0,0,1,0,0,0,0,0,0,0
fastapi,synthetic-fastapi-docs_src\body_multiple_params\tutorial004_py310.py-2,docs_src\body_multiple_params\tutorial004_py310.py,,1,deleted field 'username' from model 'User',0,0,0,0,1,0,0,0,0,0,0,0,0,0
fastapi,synthetic-fastapi-docs_src\body_multiple_params\tutorial005_an_py310.py-0,docs_src\body_multiple_params\tutorial005_an_py310.py,,1,changed type of field 'name' in model 'Item',0,0,0,0,0,0,1,0,0,0,0,0,0,0
fastapi,synthetic-fastapi-docs_src\body_multiple_params\tutorial005_an_py310.py-1,docs_src\body_multiple_params\tutorial005_an_py310.py,,1,deleted field 'price' from model 'Item',0,0,0,0,1,0,0,0,0,0,0,0,0,0
fastapi,synthetic-fastapi-docs_src\body_multiple_params\tutorial005_an_py310.py-2,docs_src\body_multiple_params\tutorial005_an_py310.py,,1,changed type of field 'description' in model 'Item',0,0,0,0,0,0,1,0,0,0,0,0,0,0
fastapi,synthetic-fastapi-docs_src\body_multiple_params\tutorial005_py310.py-0,docs_src\body_multiple_params\tutorial005_py310.py,,1,deleted field 'tax' from model 'Item',0,0,0,0,1,0,0,0,0,0,0,0,0,0
fastapi,synthetic-fastapi-docs_src\body_multiple_params\tutorial005_py310.py-1,docs_src\body_multiple_params\tutorial005_py310.py,,1,deleted field 'price' from model 'Item',0,0,0,0,1,0,0,0,0,0,0,0,0,0
fastapi,synthetic-fastapi-docs_src\body_multiple_params\tutorial005_py310.py-2,docs_src\body_multiple_params\tutorial005_py310.py,,1,changed type of field 'description' in model 'Item',0,0,0,0,0,0,1,0,0,0,0,0,0,0
fastapi,synthetic-fastapi-docs_src\body_nested_models\tutorial001_py310.py-0,docs_src\body_nested_models\tutorial001_py310.py,,1,deleted field 'name' from model 'Item',0,0,0,0,1,0,0,0,0,0,0,0,0,0
fastapi,synthetic-fastapi-docs_src\body_nested_models\tutorial001_py310.py-1,docs_src\body_nested_models\tutorial001_py310.py,,1,changed type of field 'price' in model 'Item',0,0,0,0,0,0,1,0,0,0,0,0,0,0
fastapi,synthetic-fastapi-docs_src\body_nested_models\tutorial001_py310.py-2,docs_src\body_nested_models\tutorial001_py310.py,,1,changed type of field 'description' in model 'Item',0,0,0,0,0,0,1,0,0,0,0,0,0,0
fastapi,synthetic-fastapi-docs_src\body_nested_models\tutorial002_py310.py-0,docs_src\body_nested_models\tutorial002_py310.py,,1,deleted field 'price' from model 'Item',0,0,0,0,1,0,0,0,0,0,0,0,0,0
fastapi,synthetic-fastapi-docs_src\body_nested_models\tutorial002_py310.py-1,docs_src\body_nested_models\tutorial002_py310.py,,1,deleted field 'description' from model 'Item',0,0,0,0,1,0,0,0,0,0,0,0,0,0
fastapi,synthetic-fastapi-docs_src\body_nested_models\tutorial002_py310.py-2,docs_src\body_nested_models\tutorial002_py310.py,,1,changed type of field 'price' in model 'Item',0,0,0,0,0,0,1,0,0,0,0,0,0,0
fastapi,synthetic-fastapi-docs_src\body_nested_models\tutorial003_py310.py-0,docs_src\body_nested_models\tutorial003_py310.py,,1,changed type of field 'description' in model 'Item',0,0,0,0,0,0,1,0,0,0,0,0,0,0
fastapi,synthetic-fastapi-docs_src\body_nested_models\tutorial003_py310.py-1,docs_src\body_nested_models\tutorial003_py310.py,,1,changed type of field 'name' in model 'Item',0,0,0,0,0,0,1,0,0,0,0,0,0,0
fastapi,synthetic-fastapi-docs_src\body_nested_models\tutorial003_py310.py-2,docs_src\body_nested_models\tutorial003_py310.py,,1,changed type of field 'tax' in model 'Item',0,0,0,0,0,0,1,0,0,0,0,0,0,0
fastapi,synthetic-fastapi-docs_src\body_nested_models\tutorial004_py310.py-0,docs_src\body_nested_models\tutorial004_py310.py,,1,changed type of field 'description' in model 'Item',0,0,0,0,0,0,1,0,0,0,0,0,0,0
fastapi,synthetic-fastapi-docs_src\body_nested_models\tutorial004_py310.py-1,docs_src\body_nested_models\tutorial004_py310.py,,1,deleted field 'name' from model 'Item',0,0,0,0,1,0,0,0,0,0,0,0,0,0
fastapi,synthetic-fastapi-docs_src\body_nested_models\tutorial004_py310.py-2,docs_src\body_nested_models\tutorial004_py310.py,,1,changed type of field 'name' in model 'Image',0,0,0,0,0,0,1,0,0,0,0,0,0,0
fastapi,synthetic-fastapi-docs_src\body_nested_models\tutorial005_py310.py-0,docs_src\body_nested_models\tutorial005_py310.py,,1,changed type of field 'url' in model 'Image',0,0,0,0,0,0,1,0,0,0,0,0,0,0
fastapi,synthetic-fastapi-docs_src\body_nested_models\tutorial005_py310.py-1,docs_src\body_nested_models\tutorial005_py310.py,,1,changed type of field 'price' in model 'Item',0,0,0,0,0,0,1,0,0,0,0,0,0,0
fastapi,synthetic-fastapi-docs_src\body_nested_models\tutorial005_py310.py-2,docs_src\body_nested_models\tutorial005_py310.py,,1,deleted field 'price' from model 'Item',0,0,0,0,1,0,0,0,0,0,0,0,0,0
fastapi,synthetic-fastapi-docs_src\body_nested_models\tutorial006_py310.py-0,docs_src\body_nested_models\tutorial006_py310.py,,1,deleted field 'name' from model 'Image',0,0,0,0,1,0,0,0,0,0,0,0,0,0
fastapi,synthetic-fastapi-docs_src\body_nested_models\tutorial006_py310.py-1,docs_src\body_nested_models\tutorial006_py310.py,,1,changed type of field 'name' in model 'Item',0,0,0,0,0,0,1,0,0,0,0,0,0,0
fastapi,synthetic-fastapi-docs_src\body_nested_models\tutorial006_py310.py-2,docs_src\body_nested_models\tutorial006_py310.py,,1,deleted field 'price' from model 'Item',0,0,0,0,1,0,0,0,0,0,0,0,0,0
fastapi,synthetic-fastapi-docs_src\body_nested_models\tutorial007_py310.py-0,docs_src\body_nested_models\tutorial007_py310.py,,1,deleted field 'tags' from model 'Item',0,0,0,0,1,0,0,0,0,0,0,0,0,0
fastapi,synthetic-fastapi-docs_src\body_nested_models\tutorial007_py310.py-1,docs_src\body_nested_models\tutorial007_py310.py,,1,changed type of field 'name' in model 'Item',0,0,0,0,0,0,1,0,0,0,0,0,0,0
fastapi,synthetic-fastapi-docs_src\body_nested_models\tutorial007_py310.py-2,docs_src\body_nested_models\tutorial007_py310.py,,1,deleted field 'description' from model 'Offer',0,0,0,0,1,0,0,0,0,0,0,0,0,0
fastapi,synthetic-fastapi-docs_src\body_nested_models\tutorial008_py310.py-0,docs_src\body_nested_models\tutorial008_py310.py,,1,deleted field 'name' from model 'Image',0,0,0,0,1,0,0,0,0,0,0,0,0,0
fastapi,synthetic-fastapi-docs_src\body_nested_models\tutorial008_py310.py-1,docs_src\body_nested_models\tutorial008_py310.py,,1,deleted field 'name' from model 'Image',0,0,0,0,1,0,0,0,0,0,0,0,0,0
fastapi,synthetic-fastapi-docs_src\body_nested_models\tutorial008_py310.py-2,docs_src\body_nested_models\tutorial008_py310.py,,1,changed type of field 'name' in model 'Image',0,0,0,0,0,0,1,0,0,0,0,0,0,0
fastapi,synthetic-fastapi-docs_src\body_updates\tutorial001_py310.py-0,docs_src\body_updates\tutorial001_py310.py,,1,changed type of field 'tax' in model 'Item',0,0,0,0,0,0,1,0,0,0,0,0,0,0
fastapi,synthetic-fastapi-docs_src\body_updates\tutorial001_py310.py-1,docs_src\body_updates\tutorial001_py310.py,,1,deleted field 'price' from model 'Item',0,0,0,0,1,0,0,0,0,0,0,0,0,0
fastapi,synthetic-fastapi-docs_src\body_updates\tutorial001_py310.py-2,docs_src\body_updates\tutorial001_py310.py,,1,changed type of field 'tags' in model 'Item',0,0,0,0,0,0,1,0,0,0,0,0,0,0
fastapi,synthetic-fastapi-docs_src\body_updates\tutorial002_py310.py-0,docs_src\body_updates\tutorial002_py310.py,,1,changed type of field 'description' in model 'Item',0,0,0,0,0,0,1,0,0,0,0,0,0,0
fastapi,synthetic-fastapi-docs_src\body_updates\tutorial002_py310.py-1,docs_src\body_updates\tutorial002_py310.py,,1,deleted field 'tags' from model 'Item',0,0,0,0,1,0,0,0,0,0,0,0,0,0
fastapi,synthetic-fastapi-docs_src\body_updates\tutorial002_py310.py-2,docs_src\body_updates\tutorial002_py310.py,,1,deleted field 'price' from model 'Item',0,0,0,0,1,0,0,0,0,0,0,0,0,0
fastapi,synthetic-fastapi-docs_src\cookie_param_models\tutorial001_an_py310.py-0,docs_src\cookie_param_models\tutorial001_an_py310.py,,1,changed type of field 'session_id' in model 'Cookies',0,0,0,0,0,0,1,0,0,0,0,0,0,0
fastapi,synthetic-fastapi-docs_src\cookie_param_models\tutorial001_an_py310.py-1,docs_src\cookie_param_models\tutorial001_an_py310.py,,1,deleted field 'session_id' from model 'Cookies',0,0,0,0,1,0,0,0,0,0,0,0,0,0
fastapi,synthetic-fastapi-docs_src\cookie_param_models\tutorial001_an_py310.py-2,docs_src\cookie_param_models\tutorial001_an_py310.py,,1,deleted field 'fatebook_tracker' from model 'Cookies',0,0,0,0,1,0,0,0,0,0,0,0,0,0
fastapi,synthetic-fastapi-docs_src\cookie_param_models\tutorial001_py310.py-0,docs_src\cookie_param_models\tutorial001_py310.py,,1,changed type of field 'fatebook_tracker' in model 'Cookies',0,0,0,0,0,0,1,0,0,0,0,0,0,0
fastapi,synthetic-fastapi-docs_src\cookie_param_models\tutorial001_py310.py-1,docs_src\cookie_param_models\tutorial001_py310.py,,1,changed type of field 'googall_tracker' in model 'Cookies',0,0,0,0,0,0,1,0,0,0,0,0,0,0
fastapi,synthetic-fastapi-docs_src\cookie_param_models\tutorial001_py310.py-2,docs_src\cookie_param_models\tutorial001_py310.py,,1,deleted field 'fatebook_tracker' from model 'Cookies',0,0,0,0,1,0,0,0,0,0,0,0,0,0
fastapi,synthetic-fastapi-docs_src\cookie_param_models\tutorial002_an_py310.py-0,docs_src\cookie_param_models\tutorial002_an_py310.py,,1,changed type of field 'googall_tracker' in model 'Cookies',0,0,0,0,0,0,1,0,0,0,0,0,0,0
fastapi,synthetic-fastapi-docs_src\cookie_param_models\tutorial002_an_py310.py-1,docs_src\cookie_param_models\tutorial002_an_py310.py,,1,deleted field 'session_id' from model 'Cookies',0,0,0,0,1,0,0,0,0,0,0,0,0,0
fastapi,synthetic-fastapi-docs_src\cookie_param_models\tutorial002_an_py310.py-2,docs_src\cookie_param_models\tutorial002_an_py310.py,,1,changed type of field 'googall_tracker' in model 'Cookies',0,0,0,0,0,0,1,0,0,0,0,0,0,0
fastapi,synthetic-fastapi-docs_src\cookie_param_models\tutorial002_py310.py-0,docs_src\cookie_param_models\tutorial002_py310.py,,1,changed type of field 'fatebook_tracker' in model 'Cookies',0,0,0,0,0,0,1,0,0,0,0,0,0,0
fastapi,synthetic-fastapi-docs_src\cookie_param_models\tutorial002_py310.py-1,docs_src\cookie_param_models\tutorial002_py310.py,,1,changed type of field 'googall_tracker' in model 'Cookies',0,0,0,0,0,0,1,0,0,0,0,0,0,0
fastapi,synthetic-fastapi-docs_src\cookie_param_models\tutorial002_py310.py-2,docs_src\cookie_param_models\tutorial002_py310.py,,1,changed type of field 'fatebook_tracker' in model 'Cookies',0,0,0,0,0,0,1,0,0,0,0,0,0,0
fastapi,synthetic-fastapi-docs_src\dependencies\tutorial008b_an_py310.py-0,docs_src\dependencies\tutorial008b_an_py310.py,,1,renamed route param 'username' in function 'get_item',0,0,0,0,0,0,0,0,0,0,0,0,0,0
fastapi,synthetic-fastapi-docs_src\dependencies\tutorial008b_an_py310.py-1,docs_src\dependencies\tutorial008b_an_py310.py,,1,renamed route param 'item_id' in function 'get_item',0,0,0,0,0,0,0,0,0,0,0,2,0,0
fastapi,synthetic-fastapi-docs_src\dependencies\tutorial008b_an_py310.py-2,docs_src\dependencies\tutorial008b_an_py310.py,,1,removed route param 'item_id' from function 'get_item',0,0,0,0,0,0,0,0,0,0,0,1,0,0
fastapi,synthetic-fastapi-docs_src\dependencies\tutorial008b_py310.py-0,docs_src\dependencies\tutorial008b_py310.py,,1,removed route param 'username' from function 'get_item',0,0,0,0,0,0,0,0,0,0,0,0,0,0
fastapi,synthetic-fastapi-docs_src\dependencies\tutorial008b_py310.py-1,docs_src\dependencies\tutorial008b_py310.py,,1,removed route param 'item_id' from function 'get_item',0,0,0,0,0,0,0,0,0,0,0,1,0,0
fastapi,synthetic-fastapi-docs_src\dependencies\tutorial008b_py310.py-2,docs_src\dependencies\tutorial008b_py310.py,,1,removed route param 'item_id' from function 'get_item',0,0,0,0,0,0,0,0,0,0,0,1,0,0
fastapi,synthetic-fastapi-docs_src\dependencies\tutorial008c_an_py310.py-0,docs_src\dependencies\tutorial008c_an_py310.py,,1,removed route param 'item_id' from function 'get_item',0,0,0,0,0,0,0,0,0,0,0,1,0,0
fastapi,synthetic-fastapi-docs_src\dependencies\tutorial008c_an_py310.py-1,docs_src\dependencies\tutorial008c_an_py310.py,,1,renamed route param 'username' in function 'get_item',0,0,0,0,0,0,0,0,0,0,0,0,0,0
fastapi,synthetic-fastapi-docs_src\dependencies\tutorial008c_an_py310.py-2,docs_src\dependencies\tutorial008c_an_py310.py,,1,removed route param 'username' from function 'get_item',0,0,0,0,0,0,0,0,0,0,0,0,0,0
fastapi,synthetic-fastapi-docs_src\dependencies\tutorial008c_py310.py-0,docs_src\dependencies\tutorial008c_py310.py,,1,renamed route param 'username' in function 'get_item',0,0,0,0,0,0,0,0,0,0,0,0,0,0
fastapi,synthetic-fastapi-docs_src\dependencies\tutorial008c_py310.py-1,docs_src\dependencies\tutorial008c_py310.py,,1,removed route param 'username' from function 'get_item',0,0,0,0,0,0,0,0,0,0,0,0,0,0
fastapi,synthetic-fastapi-docs_src\dependencies\tutorial008c_py310.py-2,docs_src\dependencies\tutorial008c_py310.py,,1,removed route param 'item_id' from function 'get_item',0,0,0,0,0,0,0,0,0,0,0,1,0,0
fastapi,synthetic-fastapi-docs_src\dependencies\tutorial008d_an_py310.py-0,docs_src\dependencies\tutorial008d_an_py310.py,,1,removed route param 'item_id' from function 'get_item',0,0,0,0,0,0,0,0,0,0,0,1,0,0
fastapi,synthetic-fastapi-docs_src\dependencies\tutorial008d_an_py310.py-1,docs_src\dependencies\tutorial008d_an_py310.py,,1,removed route param 'username' from function 'get_item',0,0,0,0,0,0,0,0,0,0,0,0,0,0
fastapi,synthetic-fastapi-docs_src\dependencies\tutorial008d_an_py310.py-2,docs_src\dependencies\tutorial008d_an_py310.py,,1,renamed route param 'username' in function 'get_item',0,0,0,0,0,0,0,0,0,0,0,0,0,0
fastapi,synthetic-fastapi-docs_src\dependencies\tutorial008d_py310.py-0,docs_src\dependencies\tutorial008d_py310.py,,1,removed route param 'username' from function 'get_item',0,0,0,0,0,0,0,0,0,0,0,0,0,0
fastapi,synthetic-fastapi-docs_src\dependencies\tutorial008d_py310.py-1,docs_src\dependencies\tutorial008d_py310.py,,1,removed route param 'username' from function 'get_item',0,0,0,0,0,0,0,0,0,0,0,0,0,0
fastapi,synthetic-fastapi-docs_src\dependencies\tutorial008d_py310.py-2,docs_src\dependencies\tutorial008d_py310.py,,1,renamed route param 'username' in function 'get_item',0,0,0,0,0,0,0,0,0,0,0,0,0,0
fastapi,synthetic-fastapi-docs_src\dependencies\tutorial008e_an_py310.py-0,docs_src\dependencies\tutorial008e_an_py310.py,,1,renamed route param 'username' in function 'get_user_me',0,0,0,0,0,0,0,0,0,0,0,0,0,0
fastapi,synthetic-fastapi-docs_src\dependencies\tutorial008e_py310.py-0,docs_src\dependencies\tutorial008e_py310.py,,1,renamed route param 'username' in function 'get_user_me',0,0,0,0,0,0,0,0,0,0,0,0,0,0
fastapi,synthetic-fastapi-docs_src\dependencies\tutorial008e_py310.py-1,docs_src\dependencies\tutorial008e_py310.py,,1,renamed route param 'username' in function 'get_user_me',0,0,0,0,0,0,0,0,0,0,0,0,0,0
fastapi,synthetic-fastapi-docs_src\dependencies\tutorial008e_py310.py-2,docs_src\dependencies\tutorial008e_py310.py,,1,renamed route param 'username' in function 'get_user_me',0,0,0,0,0,0,0,0,0,0,0,0,0,0
fastapi,synthetic-fastapi-docs_src\dependencies\tutorial013_an_py310.py-0,docs_src\dependencies\tutorial013_an_py310.py,,1,renamed route param 'query' in function 'generate',0,0,0,0,0,0,0,0,0,0,0,2,0,0
fastapi,synthetic-fastapi-docs_src\dependencies\tutorial013_an_py310.py-1,docs_src\dependencies\tutorial013_an_py310.py,,1,renamed route param 'query' in function 'generate',0,0,0,0,0,0,0,0,0,0,0,2,0,0
fastapi,synthetic-fastapi-docs_src\dependencies\tutorial013_an_py310.py-2,docs_src\dependencies\tutorial013_an_py310.py,,1,renamed route param 'query' in function 'generate',0,0,0,0,0,0,0,0,0,0,0,2,0,0
fastapi,synthetic-fastapi-docs_src\dependencies\tutorial014_an_py310.py-0,docs_src\dependencies\tutorial014_an_py310.py,,1,renamed route param 'query' in function 'generate',0,0,0,0,0,0,0,0,0,0,0,2,0,0
fastapi,synthetic-fastapi-docs_src\dependencies\tutorial014_an_py310.py-1,docs_src\dependencies\tutorial014_an_py310.py,,1,renamed route param 'query' in function 'generate',0,0,0,0,0,0,0,0,0,0,0,2,0,0
fastapi,synthetic-fastapi-docs_src\dependencies\tutorial014_an_py310.py-2,docs_src\dependencies\tutorial014_an_py310.py,,1,renamed route param 'query' in function 'generate',0,0,0,0,0,0,0,0,0,0,0,2,0,0
fastapi,synthetic-fastapi-docs_src\encoder\tutorial001_py310.py-0,docs_src\encoder\tutorial001_py310.py,,1,deleted field 'timestamp' from model 'Item',0,0,0,0,1,0,0,0,0,0,0,0,0,0
fastapi,synthetic-fastapi-docs_src\encoder\tutorial001_py310.py-1,docs_src\encoder\tutorial001_py310.py,,1,changed type of field 'description' in model 'Item',0,0,0,0,0,0,1,0,0,0,0,0,0,0
fastapi,synthetic-fastapi-docs_src\encoder\tutorial001_py310.py-2,docs_src\encoder\tutorial001_py310.py,,1,removed route param 'id' from function 'update_item',0,0,0,0,0,0,0,0,0,0,0,1,0,0
fastapi,synthetic-fastapi-docs_src\extra_models\tutorial001_py310.py-0,docs_src\extra_models\tutorial001_py310.py,,1,changed type of field 'username' in model 'UserOut',0,0,0,0,0,0,1,0,0,0,0,0,0,0
fastapi,synthetic-fastapi-docs_src\extra_models\tutorial001_py310.py-1,docs_src\extra_models\tutorial001_py310.py,,1,deleted field 'hashed_password' from model 'UserInDB',0,0,0,0,1,0,0,0,0,0,0,0,0,0
fastapi,synthetic-fastapi-docs_src\extra_models\tutorial001_py310.py-2,docs_src\extra_models\tutorial001_py310.py,,1,deleted field 'full_name' from model 'UserIn',0,0,0,0,1,0,0,0,0,0,0,0,0,0
fastapi,synthetic-fastapi-docs_src\extra_models\tutorial002_py310.py-0,docs_src\extra_models\tutorial002_py310.py,,1,changed type of field 'full_name' in model 'UserBase',0,0,0,0,0,0,1,0,0,0,0,0,0,0
fastapi,synthetic-fastapi-docs_src\extra_models\tutorial002_py310.py-1,docs_src\extra_models\tutorial002_py310.py,,1,deleted field 'email' from model 'UserBase',0,0,0,0,1,0,0,0,0,0,0,0,0,0
fastapi,synthetic-fastapi-docs_src\extra_models\tutorial002_py310.py-2,docs_src\extra_models\tutorial002_py310.py,,1,changed type of field 'full_name' in model 'UserBase',0,0,0,0,0,0,1,0,0,0,0,0,0,0
fastapi,synthetic-fastapi-docs_src\extra_models\tutorial003_py310.py-0,docs_src\extra_models\tutorial003_py310.py,,1,changed type of field 'type' in model 'BaseItem',0,0,0,0,0,0,1,0,0,0,0,0,0,0
fastapi,synthetic-fastapi-docs_src\extra_models\tutorial003_py310.py-1,docs_src\extra_models\tutorial003_py310.py,,1,changed type of field 'description' in model 'BaseItem',0,0,0,0,0,0,1,0,0,0,0,0,0,0
fastapi,synthetic-fastapi-docs_src\extra_models\tutorial004_py310.py-0,docs_src\extra_models\tutorial004_py310.py,,1,deleted field 'name' from model 'Item',0,0,0,0,1,0,0,0,0,0,0,0,0,0
fastapi,synthetic-fastapi-docs_src\extra_models\tutorial004_py310.py-1,docs_src\extra_models\tutorial004_py310.py,,1,changed type of field 'description' in model 'Item',0,0,0,0,0,0,1,0,0,0,0,0,0,0
fastapi,synthetic-fastapi-docs_src\extra_models\tutorial004_py310.py-2,docs_src\extra_models\tutorial004_py310.py,,1,deleted field 'description' from model 'Item',0,0,0,0,1,0,0,0,0,0,0,0,0,0
fastapi,synthetic-fastapi-docs_src\generate_clients\tutorial001_py310.py-0,docs_src\generate_clients\tutorial001_py310.py,,1,changed type of field 'message' in model 'ResponseMessage',0,0,0,0,0,0,1,0,0,0,0,0,0,0
fastapi,synthetic-fastapi-docs_src\generate_clients\tutorial001_py310.py-1,docs_src\generate_clients\tutorial001_py310.py,,1,deleted field 'price' from model 'Item',0,0,0,0,1,0,0,0,0,0,0,0,0,0
fastapi,synthetic-fastapi-docs_src\generate_clients\tutorial001_py310.py-2,docs_src\generate_clients\tutorial001_py310.py,,1,deleted field 'price' from model 'Item',0,0,0,0,1,0,0,0,0,0,0,0,0,0
fastapi,synthetic-fastapi-docs_src\generate_clients\tutorial002_py310.py-0,docs_src\generate_clients\tutorial002_py310.py,,1,changed type of field 'email' in model 'User',0,0,0,0,0,0,1,0,0,0,0,0,0,0
fastapi,synthetic-fastapi-docs_src\generate_clients\tutorial002_py310.py-1,docs_src\generate_clients\tutorial002_py310.py,,1,deleted field 'price' from model 'Item',0,0,0,0,1,0,0,0,0,0,0,0,0,0
fastapi,synthetic-fastapi-docs_src\generate_clients\tutorial002_py310.py-2,docs_src\generate_clients\tutorial002_py310.py,,1,changed type of field 'price' in model 'Item',0,0,0,0,0,0,1,0,0,0,0,0,0,0
fastapi,synthetic-fastapi-docs_src\generate_clients\tutorial003_py310.py-0,docs_src\generate_clients\tutorial003_py310.py,,1,deleted field 'price' from model 'Item',0,0,0,0,1,0,0,0,0,0,0,0,0,0
fastapi,synthetic-fastapi-docs_src\generate_clients\tutorial003_py310.py-1,docs_src\generate_clients\tutorial003_py310.py,,1,deleted field 'username' from model 'User',0,0,0,0,1,0,0,0,0,0,0,0,0,0
fastapi,synthetic-fastapi-docs_src\generate_clients\tutorial003_py310.py-2,docs_src\generate_clients\tutorial003_py310.py,,1,changed type of field 'price' in model 'Item',0,0,0,0,0,0,1,0,0,0,0,0,0,0
fastapi,synthetic-fastapi-docs_src\handling_errors\tutorial005_py310.py-0,docs_src\handling_errors\tutorial005_py310.py,,1,deleted field 'title' from model 'Item',0,0,0,0,1,0,0,0,0,0,0,0,0,0
fastapi,synthetic-fastapi-docs_src\handling_errors\tutorial005_py310.py-1,docs_src\handling_errors\tutorial005_py310.py,,1,changed type of field 'size' in model 'Item',0,0,0,0,0,0,1,0,0,0,0,0,0,0
fastapi,synthetic-fastapi-docs_src\handling_errors\tutorial005_py310.py-2,docs_src\handling_errors\tutorial005_py310.py,,1,deleted field 'title' from model 'Item',0,0,0,0,1,0,0,0,0,0,0,0,0,0
fastapi,synthetic-fastapi-docs_src\header_param_models\tutorial001_an_py310.py-0,docs_src\header_param_models\tutorial001_an_py310.py,,1,changed type of field 'host' in model 'CommonHeaders',0,0,0,0,0,0,1,0,0,0,0,0,0,0
fastapi,synthetic-fastapi-docs_src\header_param_models\tutorial001_an_py310.py-1,docs_src\header_param_models\tutorial001_an_py310.py,,1,changed type of field 'save_data' in model 'CommonHeaders',0,0,0,0,0,0,1,0,0,0,0,0,0,0
fastapi,synthetic-fastapi-docs_src\header_param_models\tutorial001_an_py310.py-2,docs_src\header_param_models\tutorial001_an_py310.py,,1,deleted field 'host' from model 'CommonHeaders',0,0,0,0,1,0,0,0,0,0,0,0,0,0
fastapi,synthetic-fastapi-docs_src\header_param_models\tutorial001_py310.py-0,docs_src\header_param_models\tutorial001_py310.py,,1,deleted field 'if_modified_since' from model 'CommonHeaders',0,0,0,0,1,0,0,0,0,0,0,0,0,0
fastapi,synthetic-fastapi-docs_src\header_param_models\tutorial001_py310.py-1,docs_src\header_param_models\tutorial001_py310.py,,1,deleted field 'if_modified_since' from model 'CommonHeaders',0,0,0,0,1,0,0,0,0,0,0,0,0,0
fastapi,synthetic-fastapi-docs_src\header_param_models\tutorial001_py310.py-2,docs_src\header_param_models\tutorial001_py310.py,,1,changed type of field 'host' in model 'CommonHeaders',0,0,0,0,0,0,1,0,0,0,0,0,0,0
fastapi,synthetic-fastapi-docs_src\header_param_models\tutorial002_an_py310.py-0,docs_src\header_param_models\tutorial002_an_py310.py,,1,changed type of field 'if_modified_since' in model 'CommonHeaders',0,0,0,0,0,0,1,0,0,0,0,0,0,0
fastapi,synthetic-fastapi-docs_src\header_param_models\tutorial002_an_py310.py-1,docs_src\header_param_models\tutorial002_an_py310.py,,1,changed type of field 'host' in model 'CommonHeaders',0,0,0,0,0,0,1,0,0,0,0,0,0,0
fastapi,synthetic-fastapi-docs_src\header_param_models\tutorial002_an_py310.py-2,docs_src\header_param_models\tutorial002_an_py310.py,,1,changed type of field 'x_tag' in model 'CommonHeaders',0,0,0,0,0,0,1,0,0,0,0,0,0,0
fastapi,synthetic-fastapi-docs_src\header_param_models\tutorial002_py310.py-0,docs_src\header_param_models\tutorial002_py310.py,,1,deleted field 'if_modified_since' from model 'CommonHeaders',0,0,0,0,1,0,0,0,0,0,0,0,0,0
fastapi,synthetic-fastapi-docs_src\header_param_models\tutorial002_py310.py-1,docs_src\header_param_models\tutorial002_py310.py,,1,deleted field 'traceparent' from model 'CommonHeaders',0,0,0,0,1,0,0,0,0,0,0,0,0,0
fastapi,synthetic-fastapi-docs_src\header_param_models\tutorial002_py310.py-2,docs_src\header_param_models\tutorial002_py310.py,,1,deleted field 'save_data' from model 'CommonHeaders',0,0,0,0,1,0,0,0,0,0,0,0,0,0
fastapi,synthetic-fastapi-docs_src\header_param_models\tutorial003_an_py310.py-0,docs_src\header_param_models\tutorial003_an_py310.py,,1,deleted field 'x_tag' from model 'CommonHeaders',0,0,0,0,1,0,0,0,0,0,0,0,0,0
fastapi,synthetic-fastapi-docs_src\header_param_models\tutorial003_an_py310.py-1,docs_src\header_param_models\tutorial003_an_py310.py,,1,deleted field 'traceparent' from model 'CommonHeaders',0,0,0,0,1,0,0,0,0,0,0,0,0,0
fastapi,synthetic-fastapi-docs_src\header_param_models\tutorial003_an_py310.py-2,docs_src\header_param_models\tutorial003_an_py310.py,,1,changed type of field 'traceparent' in model 'CommonHeaders',0,0,0,0,0,0,1,0,0,0,0,0,0,0
fastapi,synthetic-fastapi-docs_src\header_param_models\tutorial003_py310.py-0,docs_src\header_param_models\tutorial003_py310.py,,1,deleted field 'if_modified_since' from model 'CommonHeaders',0,0,0,0,1,0,0,0,0,0,0,0,0,0
fastapi,synthetic-fastapi-docs_src\header_param_models\tutorial003_py310.py-1,docs_src\header_param_models\tutorial003_py310.py,,1,deleted field 'if_modified_since' from model 'CommonHeaders',0,0,0,0,1,0,0,0,0,0,0,0,0,0
fastapi,synthetic-fastapi-docs_src\header_param_models\tutorial003_py310.py-2,docs_src\header_param_models\tutorial003_py310.py,,1,deleted field 'host' from model 'CommonHeaders',0,0,0,0,1,0,0,0,0,0,0,0,0,0
fastapi,synthetic-fastapi-docs_src\json_base64_bytes\tutorial001_py310.py-0,docs_src\json_base64_bytes\tutorial001_py310.py,,1,renamed route param 'body' in function 'post_data_in_out',0,0,0,0,0,0,0,0,0,0,0,2,0,0
fastapi,synthetic-fastapi-docs_src\json_base64_bytes\tutorial001_py310.py-1,docs_src\json_base64_bytes\tutorial001_py310.py,,1,deleted field 'description' from model 'DataOutput',0,0,0,0,1,0,0,0,0,0,0,0,0,0
fastapi,synthetic-fastapi-docs_src\json_base64_bytes\tutorial001_py310.py-2,docs_src\json_base64_bytes\tutorial001_py310.py,,1,deleted field 'data' from model 'DataInput',0,0,0,0,1,0,0,0,0,0,0,0,0,0
fastapi,synthetic-fastapi-docs_src\openapi_callbacks\tutorial001_py310.py-0,docs_src\openapi_callbacks\tutorial001_py310.py,,1,removed route param 'invoice' from function 'create_invoice',0,0,0,0,0,0,0,0,0,0,0,1,0,0
fastapi,synthetic-fastapi-docs_src\openapi_callbacks\tutorial001_py310.py-1,docs_src\openapi_callbacks\tutorial001_py310.py,,1,changed type of field 'description' in model 'InvoiceEvent',0,0,0,0,0,0,1,0,0,0,0,0,0,0
fastapi,synthetic-fastapi-docs_src\openapi_callbacks\tutorial001_py310.py-2,docs_src\openapi_callbacks\tutorial001_py310.py,,1,renamed route param 'callback_url' in function 'create_invoice',0,0,0,0,0,0,0,0,0,0,0,2,0,0
fastapi,synthetic-fastapi-docs_src\openapi_webhooks\tutorial001_py310.py-0,docs_src\openapi_webhooks\tutorial001_py310.py,,1,deleted field 'start_date' from model 'Subscription',0,0,0,0,1,0,0,0,0,0,0,0,0,0
fastapi,synthetic-fastapi-docs_src\openapi_webhooks\tutorial001_py310.py-1,docs_src\openapi_webhooks\tutorial001_py310.py,,1,changed type of field 'monthly_fee' in model 'Subscription',0,0,0,0,0,0,1,0,0,0,0,0,0,0
fastapi,synthetic-fastapi-docs_src\openapi_webhooks\tutorial001_py310.py-2,docs_src\openapi_webhooks\tutorial001_py310.py,,1,deleted field 'username' from model 'Subscription',0,0,0,0,1,0,0,0,0,0,0,0,0,0
fastapi,synthetic-fastapi-docs_src\path_operation_advanced_configuration\tutorial004_py310.py-0,docs_src\path_operation_advanced_configuration\tutorial004_py310.py,,1,changed type of field 'tax' in model 'Item',0,0,0,0,0,0,1,0,0,0,0,0,0,0
fastapi,synthetic-fastapi-docs_src\path_operation_advanced_configuration\tutorial004_py310.py-1,docs_src\path_operation_advanced_configuration\tutorial004_py310.py,,1,deleted field 'tax' from model 'Item',0,0,0,0,1,0,0,0,0,0,0,0,0,0
fastapi,synthetic-fastapi-docs_src\path_operation_advanced_configuration\tutorial004_py310.py-2,docs_src\path_operation_advanced_configuration\tutorial004_py310.py,,1,changed type of field 'tags' in model 'Item',0,0,0,0,0,0,1,0,0,0,0,0,0,0
fastapi,synthetic-fastapi-docs_src\path_operation_advanced_configuration\tutorial007_py310.py-0,docs_src\path_operation_advanced_configuration\tutorial007_py310.py,,1,changed type of field 'name' in model 'Item',0,0,0,0,0,0,1,0,0,0,0,0,0,0
fastapi,synthetic-fastapi-docs_src\path_operation_advanced_configuration\tutorial007_py310.py-1,docs_src\path_operation_advanced_configuration\tutorial007_py310.py,,1,changed type of field 'tags' in model 'Item',0,0,0,0,0,0,1,0,0,0,0,0,0,0
fastapi,synthetic-fastapi-docs_src\path_operation_advanced_configuration\tutorial007_py310.py-2,docs_src\path_operation_advanced_configuration\tutorial007_py310.py,,1,deleted field 'tags' from model 'Item',0,0,0,0,1,0,0,0,0,0,0,0,0,0
fastapi,synthetic-fastapi-docs_src\path_operation_configuration\tutorial001_py310.py-0,docs_src\path_operation_configuration\tutorial001_py310.py,,1,changed type of field 'tags' in model 'Item',0,0,0,0,0,0,1,0,0,0,0,0,0,0
fastapi,synthetic-fastapi-docs_src\path_operation_configuration\tutorial001_py310.py-1,docs_src\path_operation_configuration\tutorial001_py310.py,,1,changed type of field 'tags' in model 'Item',0,0,0,0,0,0,1,0,0,0,0,0,0,0
fastapi,synthetic-fastapi-docs_src\path_operation_configuration\tutorial001_py310.py-2,docs_src\path_operation_configuration\tutorial001_py310.py,,1,changed type of field 'name' in model 'Item',0,0,0,0,0,0,1,0,0,0,0,0,0,0
fastapi,synthetic-fastapi-docs_src\path_operation_configuration\tutorial002_py310.py-0,docs_src\path_operation_configuration\tutorial002_py310.py,,1,changed type of field 'name' in model 'Item',0,0,0,0,0,0,1,0,0,0,0,0,0,0
fastapi,synthetic-fastapi-docs_src\path_operation_configuration\tutorial002_py310.py-1,docs_src\path_operation_configuration\tutorial002_py310.py,,1,changed type of field 'name' in model 'Item',0,0,0,0,0,0,1,0,0,0,0,0,0,0
fastapi,synthetic-fastapi-docs_src\path_operation_configuration\tutorial002_py310.py-2,docs_src\path_operation_configuration\tutorial002_py310.py,,1,deleted field 'name' from model 'Item',0,0,0,0,1,0,0,0,0,0,0,0,0,0
fastapi,synthetic-fastapi-docs_src\path_operation_configuration\tutorial003_py310.py-0,docs_src\path_operation_configuration\tutorial003_py310.py,,1,changed type of field 'description' in model 'Item',0,0,0,0,0,0,1,0,0,0,0,0,0,0
fastapi,synthetic-fastapi-docs_src\path_operation_configuration\tutorial003_py310.py-1,docs_src\path_operation_configuration\tutorial003_py310.py,,1,deleted field 'price' from model 'Item',0,0,0,0,1,0,0,0,0,0,0,0,0,0
fastapi,synthetic-fastapi-docs_src\path_operation_configuration\tutorial003_py310.py-2,docs_src\path_operation_configuration\tutorial003_py310.py,,1,deleted field 'tags' from model 'Item',0,0,0,0,1,0,0,0,0,0,0,0,0,0
fastapi,synthetic-fastapi-docs_src\path_operation_configuration\tutorial004_py310.py-0,docs_src\path_operation_configuration\tutorial004_py310.py,,1,deleted field 'description' from model 'Item',0,0,0,0,1,0,0,0,0,0,0,0,0,0
fastapi,synthetic-fastapi-docs_src\path_operation_configuration\tutorial004_py310.py-1,docs_src\path_operation_configuration\tutorial004_py310.py,,1,changed type of field 'tax' in model 'Item',0,0,0,0,0,0,1,0,0,0,0,0,0,0
fastapi,synthetic-fastapi-docs_src\path_operation_configuration\tutorial004_py310.py-2,docs_src\path_operation_configuration\tutorial004_py310.py,,1,deleted field 'tax' from model 'Item',0,0,0,0,1,0,0,0,0,0,0,0,0,0
fastapi,synthetic-fastapi-docs_src\path_operation_configuration\tutorial005_py310.py-0,docs_src\path_operation_configuration\tutorial005_py310.py,,1,changed type of field 'name' in model 'Item',0,0,0,0,0,0,1,0,0,0,0,0,0,0
fastapi,synthetic-fastapi-docs_src\path_operation_configuration\tutorial005_py310.py-1,docs_src\path_operation_configuration\tutorial005_py310.py,,1,deleted field 'name' from model 'Item',0,0,0,0,1,0,0,0,0,0,0,0,0,0
fastapi,synthetic-fastapi-docs_src\path_operation_configuration\tutorial005_py310.py-2,docs_src\path_operation_configuration\tutorial005_py310.py,,1,changed type of field 'tags' in model 'Item',0,0,0,0,0,0,1,0,0,0,0,0,0,0
fastapi,synthetic-fastapi-docs_src\pydantic_v1_in_v2\tutorial001_an_py310.py-0,docs_src\pydantic_v1_in_v2\tutorial001_an_py310.py,,1,changed type of field 'name' in model 'Item',0,0,0,0,0,0,1,0,0,0,0,0,0,0
fastapi,synthetic-fastapi-docs_src\pydantic_v1_in_v2\tutorial001_an_py310.py-1,docs_src\pydantic_v1_in_v2\tutorial001_an_py310.py,,1,deleted field 'size' from model 'Item',0,0,0,0,1,0,0,0,0,0,0,0,0,0
fastapi,synthetic-fastapi-docs_src\pydantic_v1_in_v2\tutorial001_an_py310.py-2,docs_src\pydantic_v1_in_v2\tutorial001_an_py310.py,,1,changed type of field 'size' in model 'Item',0,0,0,0,0,0,1,0,0,0,0,0,0,0
fastapi,synthetic-fastapi-docs_src\pydantic_v1_in_v2\tutorial002_an_py310.py-0,docs_src\pydantic_v1_in_v2\tutorial002_an_py310.py,,1,changed type of field 'description' in model 'Item',0,0,0,0,0,0,1,0,0,0,0,0,0,0
fastapi,synthetic-fastapi-docs_src\pydantic_v1_in_v2\tutorial002_an_py310.py-1,docs_src\pydantic_v1_in_v2\tutorial002_an_py310.py,,1,deleted field 'description' from model 'Item',0,0,0,0,1,0,0,0,0,0,0,0,0,0
fastapi,synthetic-fastapi-docs_src\pydantic_v1_in_v2\tutorial002_an_py310.py-2,docs_src\pydantic_v1_in_v2\tutorial002_an_py310.py,,1,changed type of field 'description' in model 'Item',0,0,0,0,0,0,1,0,0,0,0,0,0,0
fastapi,synthetic-fastapi-docs_src\pydantic_v1_in_v2\tutorial003_an_py310.py-0,docs_src\pydantic_v1_in_v2\tutorial003_an_py310.py,,1,changed type of field 'description' in model 'Item',0,0,0,0,0,0,1,0,0,0,0,0,0,0
fastapi,synthetic-fastapi-docs_src\pydantic_v1_in_v2\tutorial003_an_py310.py-1,docs_src\pydantic_v1_in_v2\tutorial003_an_py310.py,,1,deleted field 'description' from model 'Item',0,0,0,0,1,0,0,0,0,0,0,0,0,0
fastapi,synthetic-fastapi-docs_src\pydantic_v1_in_v2\tutorial003_an_py310.py-2,docs_src\pydantic_v1_in_v2\tutorial003_an_py310.py,,1,deleted field 'description' from model 'Item',0,0,0,0,1,0,0,0,0,0,0,0,0,0
fastapi,synthetic-fastapi-docs_src\pydantic_v1_in_v2\tutorial004_an_py310.py-0,docs_src\pydantic_v1_in_v2\tutorial004_an_py310.py,,1,deleted field 'size' from model 'Item',0,0,0,0,1,0,0,0,0,0,0,0,0,0
fastapi,synthetic-fastapi-docs_src\pydantic_v1_in_v2\tutorial004_an_py310.py-1,docs_src\pydantic_v1_in_v2\tutorial004_an_py310.py,,1,changed type of field 'name' in model 'Item',0,0,0,0,0,0,1,0,0,0,0,0,0,0
fastapi,synthetic-fastapi-docs_src\pydantic_v1_in_v2\tutorial004_an_py310.py-2,docs_src\pydantic_v1_in_v2\tutorial004_an_py310.py,,1,changed type of field 'size' in model 'Item',0,0,0,0,0,0,1,0,0,0,0,0,0,0
fastapi,synthetic-fastapi-docs_src\python_types\tutorial011_py310.py-0,docs_src\python_types\tutorial011_py310.py,,1,changed type of field 'id' in model 'User',0,0,0,0,0,0,1,0,0,0,0,0,0,0
fastapi,synthetic-fastapi-docs_src\python_types\tutorial011_py310.py-1,docs_src\python_types\tutorial011_py310.py,,1,deleted field 'name' from model 'User',0,0,0,0,1,0,0,0,0,0,0,0,0,0
fastapi,synthetic-fastapi-docs_src\python_types\tutorial011_py310.py-2,docs_src\python_types\tutorial011_py310.py,,1,deleted field 'signup_ts' from model 'User',0,0,0,0,1,0,0,0,0,0,0,0,0,0
fastapi,synthetic-fastapi-docs_src\query_param_models\tutorial001_an_py310.py-0,docs_src\query_param_models\tutorial001_an_py310.py,,1,changed type of field 'offset' in model 'FilterParams',0,0,0,0,0,0,1,0,0,0,0,0,0,0
fastapi,synthetic-fastapi-docs_src\query_param_models\tutorial001_an_py310.py-1,docs_src\query_param_models\tutorial001_an_py310.py,,1,changed type of field 'tags' in model 'FilterParams',0,0,0,0,0,0,1,0,0,0,0,0,0,0
fastapi,synthetic-fastapi-docs_src\query_param_models\tutorial001_an_py310.py-2,docs_src\query_param_models\tutorial001_an_py310.py,,1,deleted field 'limit' from model 'FilterParams',0,0,0,0,1,0,0,0,0,0,0,0,0,0
fastapi,synthetic-fastapi-docs_src\query_param_models\tutorial001_py310.py-0,docs_src\query_param_models\tutorial001_py310.py,,1,changed type of field 'tags' in model 'FilterParams',0,0,0,0,0,0,1,0,0,0,0,0,0,0
fastapi,synthetic-fastapi-docs_src\query_param_models\tutorial001_py310.py-1,docs_src\query_param_models\tutorial001_py310.py,,1,deleted field 'limit' from model 'FilterParams',0,0,0,0,1,0,0,0,0,0,0,0,0,0
fastapi,synthetic-fastapi-docs_src\query_param_models\tutorial001_py310.py-2,docs_src\query_param_models\tutorial001_py310.py,,1,deleted field 'order_by' from model 'FilterParams',0,0,0,0,1,0,0,0,0,0,0,0,0,0
fastapi,synthetic-fastapi-docs_src\query_param_models\tutorial002_an_py310.py-0,docs_src\query_param_models\tutorial002_an_py310.py,,1,deleted field 'tags' from model 'FilterParams',0,0,0,0,1,0,0,0,0,0,0,0,0,0
fastapi,synthetic-fastapi-docs_src\query_param_models\tutorial002_an_py310.py-1,docs_src\query_param_models\tutorial002_an_py310.py,,1,deleted field 'offset' from model 'FilterParams',0,0,0,0,1,0,0,0,0,0,0,0,0,0
fastapi,synthetic-fastapi-docs_src\query_param_models\tutorial002_an_py310.py-2,docs_src\query_param_models\tutorial002_an_py310.py,,1,deleted field 'order_by' from model 'FilterParams',0,0,0,0,1,0,0,0,0,0,0,0,0,0
fastapi,synthetic-fastapi-docs_src\query_param_models\tutorial002_py310.py-0,docs_src\query_param_models\tutorial002_py310.py,,1,deleted field 'limit' from model 'FilterParams',0,0,0,0,1,0,0,0,0,0,0,0,0,0
fastapi,synthetic-fastapi-docs_src\query_param_models\tutorial002_py310.py-1,docs_src\query_param_models\tutorial002_py310.py,,1,deleted field 'tags' from model 'FilterParams',0,0,0,0,1,0,0,0,0,0,0,0,0,0
fastapi,synthetic-fastapi-docs_src\query_param_models\tutorial002_py310.py-2,docs_src\query_param_models\tutorial002_py310.py,,1,deleted field 'offset' from model 'FilterParams',0,0,0,0,1,0,0,0,0,0,0,0,0,0
fastapi,synthetic-fastapi-docs_src\request_form_models\tutorial001_an_py310.py-0,docs_src\request_form_models\tutorial001_an_py310.py,,1,changed type of field 'password' in model 'FormData',0,0,0,0,0,0,1,0,0,0,0,0,0,0
fastapi,synthetic-fastapi-docs_src\request_form_models\tutorial001_an_py310.py-1,docs_src\request_form_models\tutorial001_an_py310.py,,1,changed type of field 'username' in model 'FormData',0,0,0,0,0,0,1,0,0,0,0,0,0,0
fastapi,synthetic-fastapi-docs_src\request_form_models\tutorial001_an_py310.py-2,docs_src\request_form_models\tutorial001_an_py310.py,,1,deleted field 'username' from model 'FormData',0,0,0,0,1,0,0,0,0,0,0,0,0,0
fastapi,synthetic-fastapi-docs_src\request_form_models\tutorial001_py310.py-0,docs_src\request_form_models\tutorial001_py310.py,,1,changed type of field 'username' in model 'FormData',0,0,0,0,0,0,1,0,0,0,0,0,0,0
fastapi,synthetic-fastapi-docs_src\request_form_models\tutorial001_py310.py-1,docs_src\request_form_models\tutorial001_py310.py,,1,deleted field 'password' from model 'FormData',0,0,0,0,1,0,0,0,0,0,0,0,0,0
fastapi,synthetic-fastapi-docs_src\request_form_models\tutorial001_py310.py-2,docs_src\request_form_models\tutorial001_py310.py,,1,changed type of field 'password' in model 'FormData',0,0,0,0,0,0,1,0,0,0,0,0,0,0
fastapi,synthetic-fastapi-docs_src\request_form_models\tutorial002_an_py310.py-0,docs_src\request_form_models\tutorial002_an_py310.py,,1,deleted field 'username' from model 'FormData',0,0,0,0,1,0,0,0,0,0,0,0,0,0
fastapi,synthetic-fastapi-docs_src\request_form_models\tutorial002_an_py310.py-1,docs_src\request_form_models\tutorial002_an_py310.py,,1,deleted field 'username' from model 'FormData',0,0,0,0,1,0,0,0,0,0,0,0,0,0
fastapi,synthetic-fastapi-docs_src\request_form_models\tutorial002_an_py310.py-2,docs_src\request_form_models\tutorial002_an_py310.py,,1,changed type of field 'username' in model 'FormData',0,0,0,0,0,0,1,0,0,0,0,0,0,0
fastapi,synthetic-fastapi-docs_src\request_form_models\tutorial002_py310.py-0,docs_src\request_form_models\tutorial002_py310.py,,1,changed type of field 'username' in model 'FormData',0,0,0,0,0,0,1,0,0,0,0,0,0,0
fastapi,synthetic-fastapi-docs_src\request_form_models\tutorial002_py310.py-1,docs_src\request_form_models\tutorial002_py310.py,,1,changed type of field 'password' in model 'FormData',0,0,0,0,0,0,1,0,0,0,0,0,0,0
fastapi,synthetic-fastapi-docs_src\request_form_models\tutorial002_py310.py-2,docs_src\request_form_models\tutorial002_py310.py,,1,changed type of field 'password' in model 'FormData',0,0,0,0,0,0,1,0,0,0,0,0,0,0
fastapi,synthetic-fastapi-docs_src\response_change_status_code\tutorial001_py310.py-0,docs_src\response_change_status_code\tutorial001_py310.py,,1,renamed route param 'response' in function 'get_or_create_task',0,0,0,0,0,0,0,0,0,0,0,0,0,0
fastapi,synthetic-fastapi-docs_src\response_change_status_code\tutorial001_py310.py-1,docs_src\response_change_status_code\tutorial001_py310.py,,1,renamed route param 'task_id' in function 'get_or_create_task',0,0,0,0,0,0,0,0,0,0,0,2,0,0
fastapi,synthetic-fastapi-docs_src\response_change_status_code\tutorial001_py310.py-2,docs_src\response_change_status_code\tutorial001_py310.py,,1,removed route param 'task_id' from function 'get_or_create_task',0,0,0,0,0,0,0,0,0,0,0,1,0,0
fastapi,synthetic-fastapi-docs_src\response_cookies\tutorial002_py310.py-0,docs_src\response_cookies\tutorial002_py310.py,,1,renamed route param 'response' in function 'create_cookie',0,0,0,0,0,0,0,0,0,0,0,0,0,0
fastapi,synthetic-fastapi-docs_src\response_cookies\tutorial002_py310.py-1,docs_src\response_cookies\tutorial002_py310.py,,1,renamed route param 'response' in function 'create_cookie',0,0,0,0,0,0,0,0,0,0,0,0,0,0
fastapi,synthetic-fastapi-docs_src\response_directly\tutorial001_py310.py-0,docs_src\response_directly\tutorial001_py310.py,,1,removed route param 'id' from function 'update_item',0,0,0,0,0,0,0,0,0,0,0,1,0,0
fastapi,synthetic-fastapi-docs_src\response_directly\tutorial001_py310.py-1,docs_src\response_directly\tutorial001_py310.py,,1,renamed route param 'id' in function 'update_item',0,0,0,0,0,0,0,0,0,0,0,2,0,0
fastapi,synthetic-fastapi-docs_src\response_directly\tutorial001_py310.py-2,docs_src\response_directly\tutorial001_py310.py,,1,changed type of field 'description' in model 'Item',0,0,0,0,0,0,1,0,0,0,0,0,0,0
fastapi,synthetic-fastapi-docs_src\response_headers\tutorial002_py310.py-0,docs_src\response_headers\tutorial002_py310.py,,1,renamed route param 'response' in function 'get_headers',0,0,0,0,0,0,0,0,0,0,0,0,0,0
fastapi,synthetic-fastapi-docs_src\response_headers\tutorial002_py310.py-1,docs_src\response_headers\tutorial002_py310.py,,1,renamed route param 'response' in function 'get_headers',0,0,0,0,0,0,0,0,0,0,0,0,0,0
fastapi,synthetic-fastapi-docs_src\response_model\tutorial001_01_py310.py-0,docs_src\response_model\tutorial001_01_py310.py,,1,deleted field 'tax' from model 'Item',0,0,0,0,1,0,0,0,0,0,0,0,0,0
fastapi,synthetic-fastapi-docs_src\response_model\tutorial001_01_py310.py-1,docs_src\response_model\tutorial001_01_py310.py,,1,changed type of field 'name' in model 'Item',0,0,0,0,0,0,1,0,0,0,0,0,0,0
fastapi,synthetic-fastapi-docs_src\response_model\tutorial001_01_py310.py-2,docs_src\response_model\tutorial001_01_py310.py,,1,deleted field 'name' from model 'Item',0,0,0,0,1,0,0,0,0,0,0,0,0,0
fastapi,synthetic-fastapi-docs_src\response_model\tutorial001_py310.py-0,docs_src\response_model\tutorial001_py310.py,,1,deleted field 'description' from model 'Item',0,0,0,0,1,0,0,0,0,0,0,0,0,0
fastapi,synthetic-fastapi-docs_src\response_model\tutorial001_py310.py-1,docs_src\response_model\tutorial001_py310.py,,1,deleted field 'name' from model 'Item',0,0,0,0,1,0,0,0,0,0,0,0,0,0
fastapi,synthetic-fastapi-docs_src\response_model\tutorial001_py310.py-2,docs_src\response_model\tutorial001_py310.py,,1,deleted field 'tags' from model 'Item',0,0,0,0,1,0,0,0,0,0,0,0,0,0
fastapi,synthetic-fastapi-docs_src\response_model\tutorial002_py310.py-0,docs_src\response_model\tutorial002_py310.py,,1,deleted field 'password' from model 'UserIn',0,0,0,0,1,0,0,0,0,0,0,0,0,0
fastapi,synthetic-fastapi-docs_src\response_model\tutorial002_py310.py-1,docs_src\response_model\tutorial002_py310.py,,1,changed type of field 'email' in model 'UserIn',0,0,0,0,0,0,1,0,0,0,0,0,0,0
fastapi,synthetic-fastapi-docs_src\response_model\tutorial002_py310.py-2,docs_src\response_model\tutorial002_py310.py,,1,deleted field 'password' from model 'UserIn',0,0,0,0,1,0,0,0,0,0,0,0,0,0
fastapi,synthetic-fastapi-docs_src\response_model\tutorial003_01_py310.py-0,docs_src\response_model\tutorial003_01_py310.py,,1,deleted field 'username' from model 'BaseUser',0,0,0,0,1,0,0,0,0,0,0,0,0,0
fastapi,synthetic-fastapi-docs_src\response_model\tutorial003_01_py310.py-1,docs_src\response_model\tutorial003_01_py310.py,,1,changed type of field 'full_name' in model 'BaseUser',0,0,0,0,0,0,1,0,0,0,0,0,0,0
fastapi,synthetic-fastapi-docs_src\response_model\tutorial003_01_py310.py-2,docs_src\response_model\tutorial003_01_py310.py,,1,deleted field 'username' from model 'BaseUser',0,0,0,0,1,0,0,0,0,0,0,0,0,0
fastapi,synthetic-fastapi-docs_src\response_model\tutorial003_py310.py-0,docs_src\response_model\tutorial003_py310.py,,1,deleted field 'username' from model 'UserIn',0,0,0,0,1,0,0,0,0,0,0,0,0,0
fastapi,synthetic-fastapi-docs_src\response_model\tutorial003_py310.py-1,docs_src\response_model\tutorial003_py310.py,,1,deleted field 'full_name' from model 'UserIn',0,0,0,0,1,0,0,0,0,0,0,0,0,0
fastapi,synthetic-fastapi-docs_src\response_model\tutorial003_py310.py-2,docs_src\response_model\tutorial003_py310.py,,1,changed type of field 'email' in model 'UserOut',0,0,0,0,0,0,1,0,0,0,0,0,0,0
fastapi,synthetic-fastapi-docs_src\response_model\tutorial004_py310.py-0,docs_src\response_model\tutorial004_py310.py,,1,deleted field 'description' from model 'Item',0,0,0,0,1,0,0,0,0,0,0,0,0,0
fastapi,synthetic-fastapi-docs_src\response_model\tutorial004_py310.py-1,docs_src\response_model\tutorial004_py310.py,,1,changed type of field 'name' in model 'Item',0,0,0,0,0,0,1,0,0,0,0,0,0,0
fastapi,synthetic-fastapi-docs_src\response_model\tutorial004_py310.py-2,docs_src\response_model\tutorial004_py310.py,,1,changed type of field 'price' in model 'Item',0,0,0,0,0,0,1,0,0,0,0,0,0,0
fastapi,synthetic-fastapi-docs_src\response_model\tutorial005_py310.py-0,docs_src\response_model\tutorial005_py310.py,,1,deleted field 'tax' from model 'Item',0,0,0,0,1,0,0,0,0,0,0,0,0,0
fastapi,synthetic-fastapi-docs_src\response_model\tutorial005_py310.py-1,docs_src\response_model\tutorial005_py310.py,,1,deleted field 'tax' from model 'Item',0,0,0,0,1,0,0,0,0,0,0,0,0,0
fastapi,synthetic-fastapi-docs_src\response_model\tutorial005_py310.py-2,docs_src\response_model\tutorial005_py310.py,,1,deleted field 'description' from model 'Item',0,0,0,0,1,0,0,0,0,0,0,0,0,0
fastapi,synthetic-fastapi-docs_src\response_model\tutorial006_py310.py-0,docs_src\response_model\tutorial006_py310.py,,1,changed type of field 'price' in model 'Item',0,0,0,0,0,0,1,0,0,0,0,0,0,0
fastapi,synthetic-fastapi-docs_src\response_model\tutorial006_py310.py-1,docs_src\response_model\tutorial006_py310.py,,1,deleted field 'tax' from model 'Item',0,0,0,0,1,0,0,0,0,0,0,0,0,0
fastapi,synthetic-fastapi-docs_src\response_model\tutorial006_py310.py-2,docs_src\response_model\tutorial006_py310.py,,1,changed type of field 'tax' in model 'Item',0,0,0,0,0,0,1,0,0,0,0,0,0,0
fastapi,synthetic-fastapi-docs_src\schema_extra_example\tutorial001_py310.py-0,docs_src\schema_extra_example\tutorial001_py310.py,,1,changed type of field 'name' in model 'Item',0,0,0,0,0,0,1,0,0,0,0,0,0,0
fastapi,synthetic-fastapi-docs_src\schema_extra_example\tutorial001_py310.py-1,docs_src\schema_extra_example\tutorial001_py310.py,,1,deleted field 'name' from model 'Item',0,0,0,0,1,0,0,0,0,0,0,0,0,0
fastapi,synthetic-fastapi-docs_src\schema_extra_example\tutorial001_py310.py-2,docs_src\schema_extra_example\tutorial001_py310.py,,1,deleted field 'tax' from model 'Item',0,0,0,0,1,0,0,0,0,0,0,0,0,0
fastapi,synthetic-fastapi-docs_src\schema_extra_example\tutorial002_py310.py-0,docs_src\schema_extra_example\tutorial002_py310.py,,1,deleted field 'name' from model 'Item',0,0,0,0,1,0,0,0,0,0,0,0,0,0
fastapi,synthetic-fastapi-docs_src\schema_extra_example\tutorial002_py310.py-1,docs_src\schema_extra_example\tutorial002_py310.py,,1,changed type of field 'price' in model 'Item',0,0,0,0,0,0,1,0,0,0,0,0,0,0
fastapi,synthetic-fastapi-docs_src\schema_extra_example\tutorial002_py310.py-2,docs_src\schema_extra_example\tutorial002_py310.py,,1,deleted field 'name' from model 'Item',0,0,0,0,1,0,0,0,0,0,0,0,0,0
fastapi,synthetic-fastapi-docs_src\schema_extra_example\tutorial003_an_py310.py-0,docs_src\schema_extra_example\tutorial003_an_py310.py,,1,changed type of field 'tax' in model 'Item',0,0,0,0,0,0,1,0,0,0,0,0,0,0
fastapi,synthetic-fastapi-docs_src\schema_extra_example\tutorial003_an_py310.py-1,docs_src\schema_extra_example\tutorial003_an_py310.py,,1,deleted field 'price' from model 'Item',0,0,0,0,1,0,0,0,0,0,0,0,0,0
fastapi,synthetic-fastapi-docs_src\schema_extra_example\tutorial003_an_py310.py-2,docs_src\schema_extra_example\tutorial003_an_py310.py,,1,changed type of field 'description' in model 'Item',0,0,0,0,0,0,1,0,0,0,0,0,0,0
fastapi,synthetic-fastapi-docs_src\schema_extra_example\tutorial003_py310.py-0,docs_src\schema_extra_example\tutorial003_py310.py,,1,deleted field 'description' from model 'Item',0,0,0,0,1,0,0,0,0,0,0,0,0,0
fastapi,synthetic-fastapi-docs_src\schema_extra_example\tutorial003_py310.py-1,docs_src\schema_extra_example\tutorial003_py310.py,,1,changed type of field 'name' in model 'Item',0,0,0,0,0,0,1,0,0,0,0,0,0,0
fastapi,synthetic-fastapi-docs_src\schema_extra_example\tutorial003_py310.py-2,docs_src\schema_extra_example\tutorial003_py310.py,,1,changed type of field 'description' in model 'Item',0,0,0,0,0,0,1,0,0,0,0,0,0,0
fastapi,synthetic-fastapi-docs_src\schema_extra_example\tutorial004_an_py310.py-0,docs_src\schema_extra_example\tutorial004_an_py310.py,,1,changed type of field 'name' in model 'Item',0,0,0,0,0,0,1,0,0,0,0,0,0,0
fastapi,synthetic-fastapi-docs_src\schema_extra_example\tutorial004_an_py310.py-1,docs_src\schema_extra_example\tutorial004_an_py310.py,,1,changed type of field 'tax' in model 'Item',0,0,0,0,0,0,1,0,0,0,0,0,0,0
fastapi,synthetic-fastapi-docs_src\schema_extra_example\tutorial004_an_py310.py-2,docs_src\schema_extra_example\tutorial004_an_py310.py,,1,changed type of field 'name' in model 'Item',0,0,0,0,0,0,1,0,0,0,0,0,0,0
fastapi,synthetic-fastapi-docs_src\schema_extra_example\tutorial004_py310.py-0,docs_src\schema_extra_example\tutorial004_py310.py,,1,deleted field 'name' from model 'Item',0,0,0,0,1,0,0,0,0,0,0,0,0,0
fastapi,synthetic-fastapi-docs_src\schema_extra_example\tutorial004_py310.py-1,docs_src\schema_extra_example\tutorial004_py310.py,,1,deleted field 'price' from model 'Item',0,0,0,0,1,0,0,0,0,0,0,0,0,0
fastapi,synthetic-fastapi-docs_src\schema_extra_example\tutorial004_py310.py-2,docs_src\schema_extra_example\tutorial004_py310.py,,1,deleted field 'tax' from model 'Item',0,0,0,0,1,0,0,0,0,0,0,0,0,0
fastapi,synthetic-fastapi-docs_src\schema_extra_example\tutorial005_an_py310.py-0,docs_src\schema_extra_example\tutorial005_an_py310.py,,1,deleted field 'description' from model 'Item',0,0,0,0,1,0,0,0,0,0,0,0,0,0
fastapi,synthetic-fastapi-docs_src\schema_extra_example\tutorial005_an_py310.py-1,docs_src\schema_extra_example\tutorial005_an_py310.py,,1,changed type of field 'tax' in model 'Item',0,0,0,0,0,0,1,0,0,0,0,0,0,0
fastapi,synthetic-fastapi-docs_src\schema_extra_example\tutorial005_an_py310.py-2,docs_src\schema_extra_example\tutorial005_an_py310.py,,1,deleted field 'name' from model 'Item',0,0,0,0,1,0,0,0,0,0,0,0,0,0
fastapi,synthetic-fastapi-docs_src\schema_extra_example\tutorial005_py310.py-0,docs_src\schema_extra_example\tutorial005_py310.py,,1,changed type of field 'description' in model 'Item',0,0,0,0,0,0,1,0,0,0,0,0,0,0
fastapi,synthetic-fastapi-docs_src\schema_extra_example\tutorial005_py310.py-1,docs_src\schema_extra_example\tutorial005_py310.py,,1,changed type of field 'price' in model 'Item',0,0,0,0,0,0,1,0,0,0,0,0,0,0
fastapi,synthetic-fastapi-docs_src\schema_extra_example\tutorial005_py310.py-2,docs_src\schema_extra_example\tutorial005_py310.py,,1,deleted field 'name' from model 'Item',0,0,0,0,1,0,0,0,0,0,0,0,0,0
fastapi,synthetic-fastapi-docs_src\security\tutorial002_an_py310.py-0,docs_src\security\tutorial002_an_py310.py,,1,deleted field 'full_name' from model 'User',0,0,0,0,1,0,0,0,0,0,0,0,0,0
fastapi,synthetic-fastapi-docs_src\security\tutorial002_an_py310.py-1,docs_src\security\tutorial002_an_py310.py,,1,changed type of field 'username' in model 'User',0,0,0,0,0,0,1,0,0,0,0,0,0,0
fastapi,synthetic-fastapi-docs_src\security\tutorial002_an_py310.py-2,docs_src\security\tutorial002_an_py310.py,,1,changed type of field 'full_name' in model 'User',0,0,0,0,0,0,1,0,0,0,0,0,0,0
fastapi,synthetic-fastapi-docs_src\security\tutorial002_py310.py-0,docs_src\security\tutorial002_py310.py,,1,changed type of field 'full_name' in model 'User',0,0,0,0,0,0,1,0,0,0,0,0,0,0
fastapi,synthetic-fastapi-docs_src\security\tutorial002_py310.py-1,docs_src\security\tutorial002_py310.py,,1,changed type of field 'disabled' in model 'User',0,0,0,0,0,0,1,0,0,0,0,0,0,0
fastapi,synthetic-fastapi-docs_src\security\tutorial002_py310.py-2,docs_src\security\tutorial002_py310.py,,1,deleted field 'full_name' from model 'User',0,0,0,0,1,0,0,0,0,0,0,0,0,0
fastapi,synthetic-fastapi-docs_src\security\tutorial003_an_py310.py-0,docs_src\security\tutorial003_an_py310.py,,1,changed type of field 'full_name' in model 'User',0,0,0,0,0,0,1,0,0,0,0,0,0,0
fastapi,synthetic-fastapi-docs_src\security\tutorial003_an_py310.py-1,docs_src\security\tutorial003_an_py310.py,,1,changed type of field 'email' in model 'User',0,0,0,0,0,0,1,0,0,0,0,0,0,0
fastapi,synthetic-fastapi-docs_src\security\tutorial003_an_py310.py-2,docs_src\security\tutorial003_an_py310.py,,1,changed type of field 'full_name' in model 'User',0,0,0,0,0,0,1,0,0,0,0,0,0,0
fastapi,synthetic-fastapi-docs_src\security\tutorial003_py310.py-0,docs_src\security\tutorial003_py310.py,,1,deleted field 'full_name' from model 'User',0,0,0,0,1,0,0,0,0,0,0,0,0,0
fastapi,synthetic-fastapi-docs_src\security\tutorial003_py310.py-1,docs_src\security\tutorial003_py310.py,,1,changed type of field 'email' in model 'User',0,0,0,0,0,0,1,0,0,0,0,0,0,0
fastapi,synthetic-fastapi-docs_src\security\tutorial003_py310.py-2,docs_src\security\tutorial003_py310.py,,1,changed type of field 'email' in model 'User',0,0,0,0,0,0,1,0,0,0,0,0,0,0
fastapi,synthetic-fastapi-docs_src\security\tutorial004_an_py310.py-0,docs_src\security\tutorial004_an_py310.py,,1,deleted field 'username' from model 'TokenData',0,0,0,0,0,0,0,0,0,0,0,0,0,0
fastapi,synthetic-fastapi-docs_src\security\tutorial004_an_py310.py-1,docs_src\security\tutorial004_an_py310.py,,1,changed type of field 'username' in model 'TokenData',0,0,0,0,0,0,1,0,0,0,0,0,0,0
fastapi,synthetic-fastapi-docs_src\security\tutorial004_an_py310.py-2,docs_src\security\tutorial004_an_py310.py,,1,changed type of field 'email' in model 'User',0,0,0,0,0,0,1,0,0,0,0,0,0,0
fastapi,synthetic-fastapi-docs_src\security\tutorial004_py310.py-0,docs_src\security\tutorial004_py310.py,,1,changed type of field 'username' in model 'TokenData',0,0,0,0,0,0,1,0,0,0,0,0,0,0
fastapi,synthetic-fastapi-docs_src\security\tutorial004_py310.py-1,docs_src\security\tutorial004_py310.py,,1,changed type of field 'access_token' in model 'Token',0,0,0,0,0,0,1,0,0,0,0,0,0,0
fastapi,synthetic-fastapi-docs_src\security\tutorial004_py310.py-2,docs_src\security\tutorial004_py310.py,,1,deleted field 'disabled' from model 'User',0,0,0,0,1,0,0,0,0,0,0,0,0,0
fastapi,synthetic-fastapi-docs_src\security\tutorial005_an_py310.py-0,docs_src\security\tutorial005_an_py310.py,,1,deleted field 'username' from model 'User',0,0,0,0,1,0,0,0,0,0,0,0,0,0
fastapi,synthetic-fastapi-docs_src\security\tutorial005_an_py310.py-1,docs_src\security\tutorial005_an_py310.py,,1,deleted field 'token_type' from model 'Token',0,0,0,0,1,0,0,0,0,0,0,0,0,0
fastapi,synthetic-fastapi-docs_src\security\tutorial005_an_py310.py-2,docs_src\security\tutorial005_an_py310.py,,1,changed type of field 'username' in model 'TokenData',0,0,0,0,0,0,1,0,0,0,0,0,0,0
fastapi,synthetic-fastapi-docs_src\security\tutorial005_py310.py-0,docs_src\security\tutorial005_py310.py,,1,changed type of field 'scopes' in model 'TokenData',0,0,0,0,0,0,1,0,0,0,0,0,0,0
fastapi,synthetic-fastapi-docs_src\security\tutorial005_py310.py-1,docs_src\security\tutorial005_py310.py,,1,deleted field 'username' from model 'TokenData',0,0,0,0,1,0,0,0,0,0,0,0,0,0
fastapi,synthetic-fastapi-docs_src\security\tutorial005_py310.py-2,docs_src\security\tutorial005_py310.py,,1,changed type of field 'username' in model 'TokenData',0,0,0,0,0,0,1,0,0,0,0,0,0,0
fastapi,synthetic-fastapi-docs_src\security\tutorial006_an_py310.py-0,docs_src\security\tutorial006_an_py310.py,,1,renamed route param 'credentials' in function 'read_current_user',0,0,0,0,0,0,0,0,0,0,0,0,0,0
fastapi,synthetic-fastapi-docs_src\security\tutorial006_an_py310.py-1,docs_src\security\tutorial006_an_py310.py,,1,renamed route param 'credentials' in function 'read_current_user',0,0,0,0,0,0,0,0,0,0,0,0,0,0
fastapi,synthetic-fastapi-docs_src\security\tutorial006_an_py310.py-2,docs_src\security\tutorial006_an_py310.py,,1,renamed route param 'credentials' in function 'read_current_user',0,0,0,0,0,0,0,0,0,0,0,0,0,0
fastapi,synthetic-fastapi-docs_src\security\tutorial006_py310.py-0,docs_src\security\tutorial006_py310.py,,1,renamed route param 'credentials' in function 'read_current_user',0,0,0,0,0,0,0,0,0,0,0,0,0,0
fastapi,synthetic-fastapi-docs_src\security\tutorial006_py310.py-1,docs_src\security\tutorial006_py310.py,,1,renamed route param 'credentials' in function 'read_current_user',0,0,0,0,0,0,0,0,0,0,0,0,0,0
fastapi,synthetic-fastapi-docs_src\security\tutorial007_an_py310.py-0,docs_src\security\tutorial007_an_py310.py,,1,renamed route param 'username' in function 'read_current_user',0,0,0,0,0,0,0,0,0,0,0,0,0,0
fastapi,synthetic-fastapi-docs_src\security\tutorial007_an_py310.py-1,docs_src\security\tutorial007_an_py310.py,,1,renamed route param 'username' in function 'read_current_user',0,0,0,0,0,0,0,0,0,0,0,0,0,0
fastapi,synthetic-fastapi-docs_src\security\tutorial007_py310.py-0,docs_src\security\tutorial007_py310.py,,1,renamed route param 'username' in function 'read_current_user',0,0,0,0,0,0,0,0,0,0,0,0,0,0
fastapi,synthetic-fastapi-docs_src\security\tutorial007_py310.py-1,docs_src\security\tutorial007_py310.py,,1,renamed route param 'username' in function 'read_current_user',0,0,0,0,0,0,0,0,0,0,0,0,0,0
fastapi,synthetic-fastapi-docs_src\security\tutorial007_py310.py-2,docs_src\security\tutorial007_py310.py,,1,renamed route param 'username' in function 'read_current_user',0,0,0,0,0,0,0,0,0,0,0,0,0,0
fastapi,synthetic-fastapi-docs_src\separate_openapi_schemas\tutorial001_py310.py-0,docs_src\separate_openapi_schemas\tutorial001_py310.py,,1,changed type of field 'description' in model 'Item',0,0,0,0,0,0,1,0,0,0,0,0,0,0
fastapi,synthetic-fastapi-docs_src\separate_openapi_schemas\tutorial001_py310.py-1,docs_src\separate_openapi_schemas\tutorial001_py310.py,,1,changed type of field 'description' in model 'Item',0,0,0,0,0,0,1,0,0,0,0,0,0,0
fastapi,synthetic-fastapi-docs_src\separate_openapi_schemas\tutorial001_py310.py-2,docs_src\separate_openapi_schemas\tutorial001_py310.py,,1,renamed route param 'item' in function 'create_item',0,0,0,0,0,0,0,0,0,0,0,2,0,0
fastapi,synthetic-fastapi-docs_src\separate_openapi_schemas\tutorial002_py310.py-0,docs_src\separate_openapi_schemas\tutorial002_py310.py,,1,changed type of field 'name' in model 'Item',0,0,0,0,0,0,1,0,0,0,0,0,0,0
fastapi,synthetic-fastapi-docs_src\separate_openapi_schemas\tutorial002_py310.py-1,docs_src\separate_openapi_schemas\tutorial002_py310.py,,1,deleted field 'name' from model 'Item',0,0,0,0,1,0,0,0,0,0,0,0,0,0
fastapi,synthetic-fastapi-docs_src\separate_openapi_schemas\tutorial002_py310.py-2,docs_src\separate_openapi_schemas\tutorial002_py310.py,,1,deleted field 'name' from model 'Item',0,0,0,0,1,0,0,0,0,0,0,0,0,0
fastapi,synthetic-fastapi-docs_src\server_sent_events\tutorial001_py310.py-0,docs_src\server_sent_events\tutorial001_py310.py,,1,deleted field 'description' from model 'Item',0,0,0,0,1,0,0,0,0,0,0,0,0,0
fastapi,synthetic-fastapi-docs_src\server_sent_events\tutorial001_py310.py-1,docs_src\server_sent_events\tutorial001_py310.py,,1,deleted field 'description' from model 'Item',0,0,0,0,1,0,0,0,0,0,0,0,0,0
fastapi,synthetic-fastapi-docs_src\server_sent_events\tutorial001_py310.py-2,docs_src\server_sent_events\tutorial001_py310.py,,1,deleted field 'description' from model 'Item',0,0,0,0,1,0,0,0,0,0,0,0,0,0
fastapi,synthetic-fastapi-docs_src\server_sent_events\tutorial002_py310.py-0,docs_src\server_sent_events\tutorial002_py310.py,,1,changed type of field 'price' in model 'Item',0,0,0,0,0,0,1,0,0,0,0,0,0,0
fastapi,synthetic-fastapi-docs_src\server_sent_events\tutorial002_py310.py-1,docs_src\server_sent_events\tutorial002_py310.py,,1,deleted field 'name' from model 'Item',0,0,0,0,1,0,0,0,0,0,0,0,0,0
fastapi,synthetic-fastapi-docs_src\server_sent_events\tutorial002_py310.py-2,docs_src\server_sent_events\tutorial002_py310.py,,1,changed type of field 'price' in model 'Item',0,0,0,0,0,0,1,0,0,0,0,0,0,0
fastapi,synthetic-fastapi-docs_src\server_sent_events\tutorial004_py310.py-0,docs_src\server_sent_events\tutorial004_py310.py,,1,deleted field 'price' from model 'Item',0,0,0,0,1,0,0,0,0,0,0,0,0,0
fastapi,synthetic-fastapi-docs_src\server_sent_events\tutorial004_py310.py-1,docs_src\server_sent_events\tutorial004_py310.py,,1,changed type of field 'price' in model 'Item',0,0,0,0,0,0,1,0,0,0,0,0,0,0
fastapi,synthetic-fastapi-docs_src\server_sent_events\tutorial004_py310.py-2,docs_src\server_sent_events\tutorial004_py310.py,,1,deleted field 'price' from model 'Item',0,0,0,0,1,0,0,0,0,0,0,0,0,0
fastapi,synthetic-fastapi-docs_src\server_sent_events\tutorial005_py310.py-0,docs_src\server_sent_events\tutorial005_py310.py,,1,deleted field 'text' from model 'Prompt',0,0,0,0,0,0,0,0,0,0,0,0,0,0
fastapi,synthetic-fastapi-docs_src\server_sent_events\tutorial005_py310.py-1,docs_src\server_sent_events\tutorial005_py310.py,,1,changed type of field 'text' in model 'Prompt',0,0,0,0,0,0,1,0,0,0,0,0,0,0
fastapi,synthetic-fastapi-docs_src\server_sent_events\tutorial005_py310.py-2,docs_src\server_sent_events\tutorial005_py310.py,,1,deleted field 'text' from model 'Prompt',0,0,0,0,0,0,0,0,0,0,0,0,0,0
fastapi,synthetic-fastapi-docs_src\sql_databases\tutorial001_an_py310.py-0,docs_src\sql_databases\tutorial001_an_py310.py,,1,renamed route param 'session' in function 'read_hero',0,0,0,0,0,0,0,0,0,0,0,2,0,0
fastapi,synthetic-fastapi-docs_src\sql_databases\tutorial001_an_py310.py-1,docs_src\sql_databases\tutorial001_an_py310.py,,1,removed route param 'session' from function 'read_hero',0,0,0,0,0,0,0,0,0,0,0,1,0,0
fastapi,synthetic-fastapi-docs_src\sql_databases\tutorial001_an_py310.py-2,docs_src\sql_databases\tutorial001_an_py310.py,,1,removed route param 'hero' from function 'create_hero',0,0,0,0,0,0,0,0,0,0,0,1,0,0
fastapi,synthetic-fastapi-docs_src\sql_databases\tutorial001_py310.py-0,docs_src\sql_databases\tutorial001_py310.py,,1,renamed route param 'session' in function 'delete_hero',0,0,0,0,0,0,0,0,0,0,0,0,0,0
fastapi,synthetic-fastapi-docs_src\sql_databases\tutorial001_py310.py-1,docs_src\sql_databases\tutorial001_py310.py,,1,renamed route param 'session' in function 'read_heroes',0,0,0,0,0,0,0,0,0,0,0,0,0,0
fastapi,synthetic-fastapi-docs_src\sql_databases\tutorial001_py310.py-2,docs_src\sql_databases\tutorial001_py310.py,,1,removed route param 'hero_id' from function 'delete_hero',0,0,0,0,0,0,0,0,0,0,0,1,0,0
fastapi,synthetic-fastapi-docs_src\sql_databases\tutorial002_an_py310.py-0,docs_src\sql_databases\tutorial002_an_py310.py,,1,renamed route param 'session' in function 'read_hero',0,0,0,0,0,0,0,0,0,0,0,2,0,0
fastapi,synthetic-fastapi-docs_src\sql_databases\tutorial002_an_py310.py-1,docs_src\sql_databases\tutorial002_an_py310.py,,1,renamed route param 'hero_id' in function 'update_hero',0,0,0,0,0,0,0,0,0,0,0,2,0,0
fastapi,synthetic-fastapi-docs_src\sql_databases\tutorial002_an_py310.py-2,docs_src\sql_databases\tutorial002_an_py310.py,,1,removed route param 'limit' from function 'read_heroes',0,0,0,0,0,0,0,0,0,0,0,1,0,0
fastapi,synthetic-fastapi-docs_src\sql_databases\tutorial002_py310.py-0,docs_src\sql_databases\tutorial002_py310.py,,1,removed route param 'session' from function 'create_hero',0,0,0,0,0,0,0,0,0,0,0,0,0,0
fastapi,synthetic-fastapi-docs_src\sql_databases\tutorial002_py310.py-1,docs_src\sql_databases\tutorial002_py310.py,,1,renamed route param 'session' in function 'create_hero',0,0,0,0,0,0,0,0,0,0,0,0,0,0
fastapi,synthetic-fastapi-docs_src\sql_databases\tutorial002_py310.py-2,docs_src\sql_databases\tutorial002_py310.py,,1,renamed route param 'limit' in function 'read_heroes',0,0,0,0,0,0,0,0,0,0,0,2,0,0
fastapi,synthetic-fastapi-docs_src\stream_json_lines\tutorial001_py310.py-0,docs_src\stream_json_lines\tutorial001_py310.py,,1,changed type of field 'name' in model 'Item',0,0,0,0,0,0,1,0,0,0,0,0,0,0
fastapi,synthetic-fastapi-docs_src\stream_json_lines\tutorial001_py310.py-1,docs_src\stream_json_lines\tutorial001_py310.py,,1,deleted field 'name' from model 'Item',0,0,0,0,1,0,0,0,0,0,0,0,0,0
fastapi,synthetic-fastapi-docs_src\stream_json_lines\tutorial001_py310.py-2,docs_src\stream_json_lines\tutorial001_py310.py,,1,changed type of field 'name' in model 'Item',0,0,0,0,0,0,1,0,0,0,0,0,0,0
fastapi,synthetic-fastapi-docs_src\strict_content_type\tutorial001_py310.py-0,docs_src\strict_content_type\tutorial001_py310.py,,1,changed type of field 'name' in model 'Item',0,0,0,0,0,0,1,0,0,0,0,0,0,0
fastapi,synthetic-fastapi-docs_src\strict_content_type\tutorial001_py310.py-1,docs_src\strict_content_type\tutorial001_py310.py,,1,deleted field 'price' from model 'Item',0,0,0,0,1,0,0,0,0,0,0,0,0,0
fastapi,synthetic-fastapi-docs_src\strict_content_type\tutorial001_py310.py-2,docs_src\strict_content_type\tutorial001_py310.py,,1,deleted field 'price' from model 'Item',0,0,0,0,1,0,0,0,0,0,0,0,0,0
fastapi,synthetic-fastapi-docs_src\using_request_directly\tutorial001_py310.py-0,docs_src\using_request_directly\tutorial001_py310.py,,1,renamed route param 'item_id' in function 'read_root',0,0,0,0,0,0,0,0,0,0,0,2,0,0
fastapi,synthetic-fastapi-docs_src\using_request_directly\tutorial001_py310.py-1,docs_src\using_request_directly\tutorial001_py310.py,,1,removed route param 'item_id' from function 'read_root',0,0,0,0,0,0,0,0,0,0,0,1,0,0
fastapi,synthetic-fastapi-docs_src\using_request_directly\tutorial001_py310.py-2,docs_src\using_request_directly\tutorial001_py310.py,,1,renamed route param 'item_id' in function 'read_root',0,0,0,0,0,0,0,0,0,0,0,2,0,0
fastapi,synthetic-fastapi-fastapi\sse.py-0,fastapi\sse.py,,1,changed type of field 'retry' in model 'ServerSentEvent',0,0,0,0,0,0,1,0,0,0,0,0,0,0
fastapi,synthetic-fastapi-fastapi\sse.py-1,fastapi\sse.py,,1,deleted field 'raw_data' from model 'ServerSentEvent',0,0,0,0,1,0,0,0,0,0,0,0,0,0
fastapi,synthetic-fastapi-fastapi\sse.py-2,fastapi\sse.py,,1,changed type of field 'retry' in model 'ServerSentEvent',0,0,0,0,0,0,1,0,0,0,0,0,0,0
fastapi,synthetic-fastapi-fastapi\openapi\models.py-0,fastapi\openapi\models.py,,1,deleted field 'ref' from model 'Reference',0,0,0,0,0,0,0,0,0,0,0,0,0,0
fastapi,synthetic-fastapi-fastapi\openapi\models.py-1,fastapi\openapi\models.py,,1,changed type of field 'propertyName' in model 'Discriminator',0,0,0,0,0,0,1,0,0,0,0,0,0,0
fastapi,synthetic-fastapi-fastapi\openapi\models.py-2,fastapi\openapi\models.py,,1,deleted field 'ref' from model 'Reference',0,0,0,0,0,0,0,0,0,0,0,0,0,0
fastapi,synthetic-fastapi-fastapi\security\http.py-0,fastapi\security\http.py,,1,changed type of field 'scheme' in model 'HTTPAuthorizationCredentials',0,0,0,0,0,0,1,0,0,0,0,0,0,0
fastapi,synthetic-fastapi-fastapi\security\http.py-1,fastapi\security\http.py,,1,changed type of field 'credentials' in model 'HTTPAuthorizationCredentials',0,0,0,0,0,0,1,0,0,0,0,0,0,0
fastapi,synthetic-fastapi-fastapi\security\http.py-2,fastapi\security\http.py,,1,deleted field 'username' from model 'HTTPBasicCredentials',0,0,0,0,1,0,0,0,0,0,0,0,0,0
fastapi,synthetic-fastapi-scripts\deploy_docs_status.py-0,scripts\deploy_docs_status.py,,1,changed type of field 'en_link' in model 'LinkData',0,0,0,0,0,0,1,0,0,0,0,0,0,0
fastapi,synthetic-fastapi-scripts\deploy_docs_status.py-1,scripts\deploy_docs_status.py,,1,changed type of field 'en_link' in model 'LinkData',0,0,0,0,0,0,1,0,0,0,0,0,0,0
fastapi,synthetic-fastapi-scripts\deploy_docs_status.py-2,scripts\deploy_docs_status.py,,1,changed type of field 'en_link' in model 'LinkData',0,0,0,0,0,0,1,0,0,0,0,0,0,0
fastapi,synthetic-fastapi-scripts\label_approved.py-0,scripts\label_approved.py,,1,deleted field 'await_label' from model 'LabelSettings',0,0,0,0,1,0,0,0,0,0,0,0,0,0
fastapi,synthetic-fastapi-scripts\label_approved.py-1,scripts\label_approved.py,,1,deleted field 'number' from model 'LabelSettings',0,0,0,0,1,0,0,0,0,0,0,0,0,0
fastapi,synthetic-fastapi-scripts\label_approved.py-2,scripts\label_approved.py,,1,changed type of field 'await_label' in model 'LabelSettings',0,0,0,0,0,0,1,0,0,0,0,0,0,0
fastapi,synthetic-fastapi-scripts\notify_translations.py-0,scripts\notify_translations.py,,1,deleted field 'comments' from model 'CommentsDiscussion',0,0,0,0,0,0,0,0,0,0,0,0,0,0
fastapi,synthetic-fastapi-scripts\notify_translations.py-1,scripts\notify_translations.py,,1,changed type of field 'addDiscussionComment' in model 'AddCommentData',0,0,0,0,0,0,1,0,0,0,0,0,0,0
fastapi,synthetic-fastapi-scripts\notify_translations.py-2,scripts\notify_translations.py,,1,changed type of field 'addDiscussionComment' in model 'AddCommentData',0,0,0,0,0,0,1,0,0,0,0,0,0,0
fastapi,synthetic-fastapi-scripts\sponsors.py-0,scripts\sponsors.py,,1,deleted field 'monthlyPriceInDollars' from model 'Tier',0,0,0,0,1,0,0,0,0,0,0,0,0,0
fastapi,synthetic-fastapi-scripts\sponsors.py-1,scripts\sponsors.py,,1,changed type of field 'node' in model 'SponsorshipAsMaintainerEdge',0,0,0,0,0,0,1,0,0,0,0,0,0,0
fastapi,synthetic-fastapi-scripts\sponsors.py-2,scripts\sponsors.py,,1,deleted field 'avatarUrl' from model 'SponsorEntity',0,0,0,0,1,0,0,0,0,0,0,0,0,0
fastapi,synthetic-fastapi-scripts\topic_repos.py-0,scripts\topic_repos.py,,1,deleted field 'owner_login' from model 'Repo',0,0,0,0,1,0,0,0,0,0,0,0,0,0
fastapi,synthetic-fastapi-scripts\topic_repos.py-1,scripts\topic_repos.py,,1,changed type of field 'stars' in model 'Repo',0,0,0,0,0,0,1,0,0,0,0,0,0,0
fastapi,synthetic-fastapi-scripts\topic_repos.py-2,scripts\topic_repos.py,,1,deleted field 'name' from model 'Repo',0,0,0,0,1,0,0,0,0,0,0,0,0,0
fastapi,synthetic-fastapi-tests\forward_reference_type.py-0,tests\forward_reference_type.py,,1,changed type of field 'x' in model 'ForwardRefModel',0,0,0,0,0,0,1,0,0,0,0,0,0,0
fastapi,synthetic-fastapi-tests\forward_reference_type.py-1,tests\forward_reference_type.py,,1,deleted field 'x' from model 'ForwardRefModel',0,0,0,0,0,0,0,0,0,0,0,0,0,0
fastapi,synthetic-fastapi-tests\forward_reference_type.py-2,tests\forward_reference_type.py,,1,deleted field 'x' from model 'ForwardRefModel',0,0,0,0,0,0,0,0,0,0,0,0,0,0
fastapi,synthetic-fastapi-tests\main.py-0,tests\main.py,,1,renamed route param 'item_id' in function 'get_path_param_lt_gt_int',0,0,0,0,0,0,0,0,0,0,0,2,0,0
fastapi,synthetic-fastapi-tests\main.py-1,tests\main.py,,1,renamed route param 'query' in function 'get_query_param_required_type',0,0,0,0,0,0,0,0,0,0,0,2,0,0
fastapi,synthetic-fastapi-tests\test_additional_properties.py-0,tests\test_additional_properties.py,,1,renamed route param 'items' in function 'foo',0,0,0,0,0,0,0,0,0,0,0,2,0,0
fastapi,synthetic-fastapi-tests\test_additional_properties.py-1,tests\test_additional_properties.py,,1,renamed route param 'items' in function 'foo',0,0,0,0,0,0,0,0,0,0,0,2,0,0
fastapi,synthetic-fastapi-tests\test_additional_properties.py-2,tests\test_additional_properties.py,,1,renamed route param 'items' in function 'foo',0,0,0,0,0,0,0,0,0,0,0,2,0,0
fastapi,synthetic-fastapi-tests\test_additional_responses_custom_model_in_callback.py-0,tests\test_additional_responses_custom_model_in_callback.py,,1,renamed route param 'callback_url' in function 'main_route',0,0,0,0,0,0,0,0,0,0,0,2,0,0
fastapi,synthetic-fastapi-tests\test_additional_responses_custom_model_in_callback.py-1,tests\test_additional_responses_custom_model_in_callback.py,,1,renamed route param 'callback_url' in function 'main_route',0,0,0,0,0,0,0,0,0,0,0,2,0,0
fastapi,synthetic-fastapi-tests\test_additional_responses_custom_model_in_callback.py-2,tests\test_additional_responses_custom_model_in_callback.py,,1,renamed route param 'callback_url' in function 'main_route',0,0,0,0,0,0,0,0,0,0,0,2,0,0
fastapi,synthetic-fastapi-tests\test_additional_responses_custom_validationerror.py-0,tests\test_additional_responses_custom_validationerror.py,,1,changed type of field 'errors' in model 'JsonApiError',0,0,0,0,0,0,1,0,0,0,0,0,0,0
fastapi,synthetic-fastapi-tests\test_additional_responses_custom_validationerror.py-1,tests\test_additional_responses_custom_validationerror.py,,1,changed type of field 'status' in model 'Error',0,0,0,0,0,0,1,0,0,0,0,0,0,0
fastapi,synthetic-fastapi-tests\test_additional_responses_custom_validationerror.py-2,tests\test_additional_responses_custom_validationerror.py,,1,changed type of field 'title' in model 'Error',0,0,0,0,0,0,1,0,0,0,0,0,0,0
fastapi,synthetic-fastapi-tests\test_additional_responses_response_class.py-0,tests\test_additional_responses_response_class.py,,1,changed type of field 'errors' in model 'JsonApiError',0,0,0,0,0,0,1,0,0,0,0,0,0,0
fastapi,synthetic-fastapi-tests\test_additional_responses_response_class.py-1,tests\test_additional_responses_response_class.py,,1,deleted field 'status' from model 'Error',0,0,0,0,1,0,0,0,0,0,0,0,0,0
fastapi,synthetic-fastapi-tests\test_additional_responses_response_class.py-2,tests\test_additional_responses_response_class.py,,1,changed type of field 'errors' in model 'JsonApiError',0,0,0,0,0,0,1,0,0,0,0,0,0,0
fastapi,synthetic-fastapi-tests\test_additional_responses_router.py-0,tests\test_additional_responses_router.py,,1,changed type of field 'message' in model 'ResponseModel',0,0,0,0,0,0,1,0,0,0,0,0,0,0
fastapi,synthetic-fastapi-tests\test_additional_responses_router.py-1,tests\test_additional_responses_router.py,,1,changed type of field 'message' in model 'ResponseModel',0,0,0,0,0,0,1,0,0,0,0,0,0,0
fastapi,synthetic-fastapi-tests\test_additional_responses_router.py-2,tests\test_additional_responses_router.py,,1,changed type of field 'message' in model 'ResponseModel',0,0,0,0,0,0,1,0,0,0,0,0,0,0
fastapi,synthetic-fastapi-tests\test_additional_responses_union_duplicate_anyof.py-0,tests\test_additional_responses_union_duplicate_anyof.py,,1,deleted field 'b' from model 'ModelB',0,0,0,0,0,0,0,0,0,0,0,0,0,0
fastapi,synthetic-fastapi-tests\test_additional_responses_union_duplicate_anyof.py-1,tests\test_additional_responses_union_duplicate_anyof.py,,1,changed type of field 'b' in model 'ModelB',0,0,0,0,0,0,1,0,0,0,0,0,0,0
fastapi,synthetic-fastapi-tests\test_additional_responses_union_duplicate_anyof.py-2,tests\test_additional_responses_union_duplicate_anyof.py,,1,deleted field 'b' from model 'ModelB',0,0,0,0,0,0,0,0,0,0,0,0,0,0
fastapi,synthetic-fastapi-tests\test_arbitrary_types.py-0,tests\test_arbitrary_types.py,,1,changed type of field 'custom_field' in model 'MyModel',0,0,0,0,0,0,0,0,0,0,0,0,0,0
fastapi,synthetic-fastapi-tests\test_arbitrary_types.py-1,tests\test_arbitrary_types.py,,1,changed type of field 'custom_field' in model 'MyModel',0,0,0,0,0,0,0,0,0,0,0,0,0,0
fastapi,synthetic-fastapi-tests\test_arbitrary_types.py-2,tests\test_arbitrary_types.py,,1,changed type of field 'custom_field' in model 'MyModel',0,0,0,0,0,0,0,0,0,0,0,0,0,0
fastapi,synthetic-fastapi-tests\test_compat.py-0,tests\test_compat.py,,1,changed type of field 'value' in model 'EmbeddedModel',0,0,0,0,0,0,1,0,0,0,0,0,0,0
fastapi,synthetic-fastapi-tests\test_compat.py-1,tests\test_compat.py,,1,renamed route param 'req' in function 'foo',0,0,0,0,0,0,0,0,0,0,0,2,0,0
fastapi,synthetic-fastapi-tests\test_compat.py-2,tests\test_compat.py,,1,changed type of field 'value' in model 'EmbeddedModel',0,0,0,0,0,0,1,0,0,0,0,0,0,0
fastapi,synthetic-fastapi-tests\test_computed_fields.py-0,tests\test_computed_fields.py,,1,changed type of field 'length' in model 'Rectangle',0,0,0,0,0,0,1,0,0,0,0,0,0,0
fastapi,synthetic-fastapi-tests\test_computed_fields.py-1,tests\test_computed_fields.py,,1,deleted field 'width' from model 'Rectangle',0,0,0,0,1,0,0,0,0,0,0,0,0,0
fastapi,synthetic-fastapi-tests\test_computed_fields.py-2,tests\test_computed_fields.py,,1,deleted field 'length' from model 'Rectangle',0,0,0,0,1,0,0,0,0,0,0,0,0,0
fastapi,synthetic-fastapi-tests\test_custom_middleware_exception.py-0,tests\test_custom_middleware_exception.py,,1,renamed route param 'file' in function 'run_middleware',0,0,0,0,0,0,0,0,0,0,0,2,0,0
fastapi,synthetic-fastapi-tests\test_custom_middleware_exception.py-1,tests\test_custom_middleware_exception.py,,1,renamed route param 'file' in function 'run_middleware',0,0,0,0,0,0,0,0,0,0,0,2,0,0
fastapi,synthetic-fastapi-tests\test_custom_middleware_exception.py-2,tests\test_custom_middleware_exception.py,,1,renamed route param 'file' in function 'run_middleware',0,0,0,0,0,0,0,0,0,0,0,2,0,0
fastapi,synthetic-fastapi-tests\test_custom_schema_fields.py-0,tests\test_custom_schema_fields.py,,1,changed type of field 'description' in model 'Item',0,0,0,0,0,0,1,0,0,0,0,0,0,0
fastapi,synthetic-fastapi-tests\test_custom_schema_fields.py-1,tests\test_custom_schema_fields.py,,1,changed type of field 'description' in model 'Item',0,0,0,0,0,0,1,0,0,0,0,0,0,0
fastapi,synthetic-fastapi-tests\test_custom_schema_fields.py-2,tests\test_custom_schema_fields.py,,1,changed type of field 'description' in model 'Item',0,0,0,0,0,0,1,0,0,0,0,0,0,0
fastapi,synthetic-fastapi-tests\test_datastructures.py-0,tests\test_datastructures.py,,1,renamed route param 'file' in function 'create_upload_file',0,0,0,0,0,0,0,0,0,0,0,2,0,0
fastapi,synthetic-fastapi-tests\test_datastructures.py-1,tests\test_datastructures.py,,1,renamed route param 'file' in function 'create_upload_file',0,0,0,0,0,0,0,0,0,0,0,2,0,0
fastapi,synthetic-fastapi-tests\test_datastructures.py-2,tests\test_datastructures.py,,1,renamed route param 'file' in function 'create_upload_file',0,0,0,0,0,0,0,0,0,0,0,2,0,0
fastapi,synthetic-fastapi-tests\test_datetime_custom_encoder.py-0,tests\test_datetime_custom_encoder.py,,1,changed type of field 'dt_field' in model 'ModelWithDatetimeField',0,0,0,0,0,0,1,0,0,0,0,0,0,0
fastapi,synthetic-fastapi-tests\test_datetime_custom_encoder.py-1,tests\test_datetime_custom_encoder.py,,1,deleted field 'dt_field' from model 'ModelWithDatetimeField',0,0,0,0,1,0,0,0,0,0,0,0,0,0
fastapi,synthetic-fastapi-tests\test_datetime_custom_encoder.py-2,tests\test_datetime_custom_encoder.py,,1,changed type of field 'dt_field' in model 'ModelWithDatetimeField',0,0,0,0,0,0,1,0,0,0,0,0,0,0
fastapi,synthetic-fastapi-tests\test_dependency_after_yield_raise.py-0,tests\test_dependency_after_yield_raise.py,,1,renamed route param 'd' in function 'catching',0,0,0,0,0,0,0,0,0,0,0,0,0,0
fastapi,synthetic-fastapi-tests\test_dependency_after_yield_raise.py-1,tests\test_dependency_after_yield_raise.py,,1,renamed route param 'd' in function 'catching',0,0,0,0,0,0,0,0,0,0,0,0,0,0
fastapi,synthetic-fastapi-tests\test_dependency_after_yield_raise.py-2,tests\test_dependency_after_yield_raise.py,,1,renamed route param 'd' in function 'catching',0,0,0,0,0,0,0,0,0,0,0,0,0,0
fastapi,synthetic-fastapi-tests\test_dependency_after_yield_streaming.py-0,tests\test_dependency_after_yield_streaming.py,,1,renamed route param 'session' in function 'get_broken_session_data',0,0,0,0,0,0,0,0,0,0,0,2,0,0
fastapi,synthetic-fastapi-tests\test_dependency_after_yield_streaming.py-1,tests\test_dependency_after_yield_streaming.py,,1,renamed route param 'session' in function 'get_data',0,0,0,0,0,0,0,0,0,0,0,2,0,0
fastapi,synthetic-fastapi-tests\test_dependency_contextmanager.py-0,tests\test_dependency_contextmanager.py,,1,renamed route param 'state' in function 'get_sync_context_b_raise',0,0,0,0,0,0,0,0,0,0,0,0,0,0
fastapi,synthetic-fastapi-tests\test_dependency_duplicates.py-0,tests\test_dependency_duplicates.py,,1,deleted field 'data' from model 'Item',0,0,0,0,0,0,0,0,0,0,0,0,0,0
fastapi,synthetic-fastapi-tests\test_dependency_duplicates.py-1,tests\test_dependency_duplicates.py,,1,deleted field 'data' from model 'Item',0,0,0,0,0,0,0,0,0,0,0,0,0,0
fastapi,synthetic-fastapi-tests\test_dependency_duplicates.py-2,tests\test_dependency_duplicates.py,,1,deleted field 'data' from model 'Item',0,0,0,0,0,0,0,0,0,0,0,0,0,0
fastapi,synthetic-fastapi-tests\test_dependency_paramless.py-0,tests\test_dependency_paramless.py,,1,renamed route param 'credentials' in function 'get_credentials',0,0,0,0,0,0,0,0,0,0,0,0,0,0
fastapi,synthetic-fastapi-tests\test_dependency_paramless.py-1,tests\test_dependency_paramless.py,,1,renamed route param 'credentials' in function 'get_credentials',0,0,0,0,0,0,0,0,0,0,0,0,0,0
fastapi,synthetic-fastapi-tests\test_dependency_paramless.py-2,tests\test_dependency_paramless.py,,1,renamed route param 'credentials' in function 'get_credentials',0,0,0,0,0,0,0,0,0,0,0,0,0,0
fastapi,synthetic-fastapi-tests\test_dependency_security_overrides.py-0,tests\test_dependency_security_overrides.py,,1,removed route param 'user_data' from function 'read_user',0,0,0,0,0,0,0,0,0,0,0,0,0,0
fastapi,synthetic-fastapi-tests\test_dependency_security_overrides.py-1,tests\test_dependency_security_overrides.py,,1,renamed route param 'user_data' in function 'read_user',0,0,0,0,0,0,0,0,0,0,0,0,0,0
fastapi,synthetic-fastapi-tests\test_dependency_security_overrides.py-2,tests\test_dependency_security_overrides.py,,1,removed route param 'user_data' from function 'read_user',0,0,0,0,0,0,0,0,0,0,0,0,0,0
fastapi,synthetic-fastapi-tests\test_dependency_yield_except_httpexception.py-0,tests\test_dependency_yield_except_httpexception.py,,1,renamed route param 'db' in function 'put_user',0,0,0,0,0,0,0,0,0,0,0,0,0,0
fastapi,synthetic-fastapi-tests\test_dependency_yield_except_httpexception.py-1,tests\test_dependency_yield_except_httpexception.py,,1,removed route param 'user_id' from function 'put_user',0,0,0,0,0,0,0,0,0,0,0,1,0,0
fastapi,synthetic-fastapi-tests\test_dependency_yield_except_httpexception.py-2,tests\test_dependency_yield_except_httpexception.py,,1,removed route param 'user_id' from function 'put_user',0,0,0,0,0,0,0,0,0,0,0,1,0,0
fastapi,synthetic-fastapi-tests\test_dependency_yield_scope.py-0,tests\test_dependency_yield_scope.py,,1,renamed route param 'session' in function 'request_scope',0,0,0,0,0,0,0,0,0,0,0,2,0,0
fastapi,synthetic-fastapi-tests\test_dependency_yield_scope.py-1,tests\test_dependency_yield_scope.py,,1,removed route param 'function_session' from function 'get_stream_session',0,0,0,0,0,0,0,0,0,0,0,1,0,0
fastapi,synthetic-fastapi-tests\test_dependency_yield_scope.py-2,tests\test_dependency_yield_scope.py,,1,removed route param 'function_session' from function 'get_stream_session',0,0,0,0,0,0,0,0,0,0,0,1,0,0
fastapi,synthetic-fastapi-tests\test_deprecated_openapi_prefix.py-0,tests\test_deprecated_openapi_prefix.py,,1,renamed route param 'request' in function 'read_main',0,0,0,0,0,0,0,0,0,0,0,0,0,0
fastapi,synthetic-fastapi-tests\test_deprecated_openapi_prefix.py-1,tests\test_deprecated_openapi_prefix.py,,1,renamed route param 'request' in function 'read_main',0,0,0,0,0,0,0,0,0,0,0,0,0,0
fastapi,synthetic-fastapi-tests\test_deprecated_responses.py-0,tests\test_deprecated_responses.py,,1,deleted field 'price' from model 'Item',0,0,0,0,1,0,0,0,0,0,0,0,0,0
fastapi,synthetic-fastapi-tests\test_deprecated_responses.py-1,tests\test_deprecated_responses.py,,1,deleted field 'price' from model 'Item',0,0,0,0,1,0,0,0,0,0,0,0,0,0
fastapi,synthetic-fastapi-tests\test_deprecated_responses.py-2,tests\test_deprecated_responses.py,,1,changed type of field 'price' in model 'Item',0,0,0,0,0,0,1,0,0,0,0,0,0,0
fastapi,synthetic-fastapi-tests\test_dump_json_fast_path.py-0,tests\test_dump_json_fast_path.py,,1,changed type of field 'name' in model 'Item',0,0,0,0,0,0,1,0,0,0,0,0,0,0
fastapi,synthetic-fastapi-tests\test_dump_json_fast_path.py-1,tests\test_dump_json_fast_path.py,,1,changed type of field 'name' in model 'Item',0,0,0,0,0,0,1,0,0,0,0,0,0,0
fastapi,synthetic-fastapi-tests\test_dump_json_fast_path.py-2,tests\test_dump_json_fast_path.py,,1,deleted field 'price' from model 'Item',0,0,0,0,1,0,0,0,0,0,0,0,0,0
fastapi,synthetic-fastapi-tests\test_duplicate_models_openapi.py-0,tests\test_duplicate_models_openapi.py,,1,changed type of field 'c' in model 'Model3',0,0,0,0,0,0,1,0,0,0,0,0,0,0
fastapi,synthetic-fastapi-tests\test_duplicate_models_openapi.py-1,tests\test_duplicate_models_openapi.py,,1,changed type of field 'c' in model 'Model3',0,0,0,0,0,0,1,0,0,0,0,0,0,0
fastapi,synthetic-fastapi-tests\test_duplicate_models_openapi.py-2,tests\test_duplicate_models_openapi.py,,1,deleted field 'a' from model 'Model2',0,0,0,0,0,0,0,0,0,0,0,0,0,0
fastapi,synthetic-fastapi-tests\test_enforce_once_required_parameter.py-0,tests\test_enforce_once_required_parameter.py,,1,renamed route param 'client_key' in function 'foo_handler',0,0,0,0,0,0,0,0,0,0,0,0,0,0
fastapi,synthetic-fastapi-tests\test_enforce_once_required_parameter.py-1,tests\test_enforce_once_required_parameter.py,,1,removed route param 'client_tag' from function 'foo_handler',0,0,0,0,0,0,0,0,0,0,0,0,0,0
fastapi,synthetic-fastapi-tests\test_enforce_once_required_parameter.py-2,tests\test_enforce_once_required_parameter.py,,1,renamed route param 'client_key' in function 'foo_handler',0,0,0,0,0,0,0,0,0,0,0,0,0,0
fastapi,synthetic-fastapi-tests\test_exception_handlers.py-0,tests\test_exception_handlers.py,,1,renamed route param 'param' in function 'route_with_request_validation_exception',0,0,0,0,0,0,0,0,0,0,0,2,0,0
fastapi,synthetic-fastapi-tests\test_exception_handlers.py-1,tests\test_exception_handlers.py,,1,renamed route param 'param' in function 'route_with_request_validation_exception',0,0,0,0,0,0,0,0,0,0,0,2,0,0
fastapi,synthetic-fastapi-tests\test_exception_handlers.py-2,tests\test_exception_handlers.py,,1,renamed route param 'param' in function 'route_with_request_validation_exception',0,0,0,0,0,0,0,0,0,0,0,2,0,0
fastapi,synthetic-fastapi-tests\test_extra_routes.py-0,tests\test_extra_routes.py,,1,deleted field 'price' from model 'Item',0,0,0,0,1,0,0,0,0,0,0,0,0,0
fastapi,synthetic-fastapi-tests\test_extra_routes.py-1,tests\test_extra_routes.py,,1,changed type of field 'price' in model 'Item',0,0,0,0,0,0,1,0,0,0,0,0,0,0
fastapi,synthetic-fastapi-tests\test_extra_routes.py-2,tests\test_extra_routes.py,,1,removed route param 'item_id' from function 'delete_item',0,0,0,0,0,0,0,0,0,0,0,1,0,0
fastapi,synthetic-fastapi-tests\test_file_and_form_order_issue_9116.py-0,tests\test_file_and_form_order_issue_9116.py,,1,renamed route param 'files' in function 'file_list_after_form',0,0,0,0,0,0,0,0,0,0,0,2,0,0
fastapi,synthetic-fastapi-tests\test_file_and_form_order_issue_9116.py-1,tests\test_file_and_form_order_issue_9116.py,,1,renamed route param 'file' in function 'file_after_form',0,0,0,0,0,0,0,0,0,0,0,2,0,0
fastapi,synthetic-fastapi-tests\test_file_and_form_order_issue_9116.py-2,tests\test_file_and_form_order_issue_9116.py,,1,removed route param 'city' from function 'file_list_before_form',0,0,0,0,0,0,0,0,0,0,0,1,0,0
fastapi,synthetic-fastapi-tests\test_filter_pydantic_sub_model_pv2.py-0,tests\test_filter_pydantic_sub_model_pv2.py,,1,changed type of field 'description' in model 'ModelA',0,0,0,0,0,0,1,0,0,0,0,0,0,0
fastapi,synthetic-fastapi-tests\test_filter_pydantic_sub_model_pv2.py-1,tests\test_filter_pydantic_sub_model_pv2.py,,1,changed type of field 'description' in model 'ModelA',0,0,0,0,0,0,1,0,0,0,0,0,0,0
fastapi,synthetic-fastapi-tests\test_filter_pydantic_sub_model_pv2.py-2,tests\test_filter_pydantic_sub_model_pv2.py,,1,deleted field 'username' from model 'ModelB',0,0,0,0,0,0,0,0,0,0,0,0,0,0
fastapi,synthetic-fastapi-tests\test_forms_from_non_typing_sequences.py-0,tests\test_forms_from_non_typing_sequences.py,,1,renamed route param 'items' in function 'post_form_param_list',0,0,0,0,0,0,0,0,0,0,0,2,0,0
fastapi,synthetic-fastapi-tests\test_forms_single_model.py-0,tests\test_forms_single_model.py,,1,deleted field 'alias_with' from model 'FormModel',0,0,0,0,1,0,0,0,0,0,0,0,0,0
fastapi,synthetic-fastapi-tests\test_forms_single_model.py-1,tests\test_forms_single_model.py,,1,deleted field 'alias_with' from model 'FormModel',0,0,0,0,1,0,0,0,0,0,0,0,0,0
fastapi,synthetic-fastapi-tests\test_forms_single_model.py-2,tests\test_forms_single_model.py,,1,renamed route param 'params' in function 'post_form_extra_allow',0,0,0,0,0,0,0,0,0,0,0,2,0,0
fastapi,synthetic-fastapi-tests\test_forms_single_param.py-0,tests\test_forms_single_param.py,,1,renamed route param 'username' in function 'post_form',0,0,0,0,0,0,0,0,0,0,0,2,0,0
fastapi,synthetic-fastapi-tests\test_forms_single_param.py-1,tests\test_forms_single_param.py,,1,renamed route param 'username' in function 'post_form',0,0,0,0,0,0,0,0,0,0,0,2,0,0
fastapi,synthetic-fastapi-tests\test_generate_unique_id_function.py-0,tests\test_generate_unique_id_function.py,,1,changed type of field 'title' in model 'Message',0,0,0,0,0,0,1,0,0,0,0,0,0,0
fastapi,synthetic-fastapi-tests\test_generate_unique_id_function.py-1,tests\test_generate_unique_id_function.py,,1,deleted field 'price' from model 'Item',0,0,0,0,1,0,0,0,0,0,0,0,0,0
fastapi,synthetic-fastapi-tests\test_generate_unique_id_function.py-2,tests\test_generate_unique_id_function.py,,1,removed route param 'item2' from function 'post_router',0,0,0,0,0,0,0,0,0,0,0,1,0,0
fastapi,synthetic-fastapi-tests\test_get_model_definitions_formfeed_escape.py-0,tests\test_get_model_definitions_formfeed_escape.py,,1,deleted field 'state_province' from model 'Address',0,0,0,0,1,0,0,0,0,0,0,0,0,0
fastapi,synthetic-fastapi-tests\test_get_model_definitions_formfeed_escape.py-1,tests\test_get_model_definitions_formfeed_escape.py,,1,changed type of field 'city' in model 'Address',0,0,0,0,0,0,1,0,0,0,0,0,0,0
fastapi,synthetic-fastapi-tests\test_get_model_definitions_formfeed_escape.py-2,tests\test_get_model_definitions_formfeed_escape.py,,1,renamed route param 'facility_id' in function 'get_facility',0,0,0,0,0,0,0,0,0,0,0,2,0,0
fastapi,synthetic-fastapi-tests\test_get_request_body.py-0,tests\test_get_request_body.py,,1,changed type of field 'price' in model 'Product',0,0,0,0,0,0,1,0,0,0,0,0,0,0
fastapi,synthetic-fastapi-tests\test_get_request_body.py-1,tests\test_get_request_body.py,,1,deleted field 'price' from model 'Product',0,0,0,0,1,0,0,0,0,0,0,0,0,0
fastapi,synthetic-fastapi-tests\test_get_request_body.py-2,tests\test_get_request_body.py,,1,deleted field 'description' from model 'Product',0,0,0,0,1,0,0,0,0,0,0,0,0,0
fastapi,synthetic-fastapi-tests\test_infer_param_optionality.py-0,tests\test_infer_param_optionality.py,,1,removed route param 'user_id' from function 'get_item',0,0,0,0,0,0,0,0,0,0,0,1,0,0
fastapi,synthetic-fastapi-tests\test_infer_param_optionality.py-1,tests\test_infer_param_optionality.py,,1,removed route param 'user_id' from function 'get_item',0,0,0,0,0,0,0,0,0,0,0,1,0,0
fastapi,synthetic-fastapi-tests\test_infer_param_optionality.py-2,tests\test_infer_param_optionality.py,,1,renamed route param 'user_id' in function 'get_user',0,0,0,0,0,0,0,0,0,0,0,2,0,0
fastapi,synthetic-fastapi-tests\test_inherited_custom_class.py-0,tests\test_inherited_custom_class.py,,1,changed type of field 'a_uuid' in model 'SomeCustomClass',0,0,0,0,0,0,1,0,0,0,0,0,0,0
fastapi,synthetic-fastapi-tests\test_inherited_custom_class.py-1,tests\test_inherited_custom_class.py,,1,deleted field 'a_uuid' from model 'SomeCustomClass',0,0,0,0,1,0,0,0,0,0,0,0,0,0
fastapi,synthetic-fastapi-tests\test_inherited_custom_class.py-2,tests\test_inherited_custom_class.py,,1,changed type of field 'a_uuid' in model 'SomeCustomClass',0,0,0,0,0,0,1,0,0,0,0,0,0,0
fastapi,synthetic-fastapi-tests\test_invalid_path_param.py-0,tests\test_invalid_path_param.py,,1,changed type of field 'title' in model 'Item',0,0,0,0,0,0,1,0,0,0,0,0,0,0
fastapi,synthetic-fastapi-tests\test_invalid_path_param.py-1,tests\test_invalid_path_param.py,,1,deleted field 'title' from model 'Item',0,0,0,0,0,0,0,0,0,0,0,0,0,0
fastapi,synthetic-fastapi-tests\test_invalid_path_param.py-2,tests\test_invalid_path_param.py,,1,changed type of field 'title' in model 'Item',0,0,0,0,0,0,1,0,0,0,0,0,0,0
fastapi,synthetic-fastapi-tests\test_invalid_sequence_param.py-0,tests\test_invalid_sequence_param.py,,1,deleted field 'title' from model 'Item',0,0,0,0,0,0,0,0,0,0,0,0,0,0
fastapi,synthetic-fastapi-tests\test_invalid_sequence_param.py-1,tests\test_invalid_sequence_param.py,,1,changed type of field 'title' in model 'Item',0,0,0,0,0,0,1,0,0,0,0,0,0,0
fastapi,synthetic-fastapi-tests\test_invalid_sequence_param.py-2,tests\test_invalid_sequence_param.py,,1,renamed route param 'q' in function 'read_items',0,0,0,0,0,0,0,0,0,0,0,0,0,0
fastapi,synthetic-fastapi-tests\test_jsonable_encoder.py-0,tests\test_jsonable_encoder.py,,1,deleted field 'name' from model 'ModelV1',0,0,0,0,0,0,0,0,0,0,0,0,0,0
fastapi,synthetic-fastapi-tests\test_jsonable_encoder.py-1,tests\test_jsonable_encoder.py,,1,deleted field 'foo' from model 'ModelWithDefault',0,0,0,0,1,0,0,0,0,0,0,0,0,0
fastapi,synthetic-fastapi-tests\test_jsonable_encoder.py-2,tests\test_jsonable_encoder.py,,1,changed type of field 'path' in model 'ModelWithPath',0,0,0,0,0,0,0,0,0,0,0,0,0,0
fastapi,synthetic-fastapi-tests\test_json_type.py-0,tests\test_json_type.py,,1,renamed route param 'items' in function 'form_json_list',0,0,0,0,0,0,0,0,0,0,0,2,0,0
fastapi,synthetic-fastapi-tests\test_json_type.py-1,tests\test_json_type.py,,1,renamed route param 'items' in function 'cookie_json_list',0,0,0,0,0,0,0,0,0,0,0,2,0,0
fastapi,synthetic-fastapi-tests\test_multi_body_errors.py-0,tests\test_multi_body_errors.py,,1,changed type of field 'age' in model 'Item',0,0,0,0,0,0,1,0,0,0,0,0,0,0
fastapi,synthetic-fastapi-tests\test_multi_body_errors.py-1,tests\test_multi_body_errors.py,,1,renamed route param 'item' in function 'save_item_no_body',0,0,0,0,0,0,0,0,0,0,0,2,0,0
fastapi,synthetic-fastapi-tests\test_multi_body_errors.py-2,tests\test_multi_body_errors.py,,1,changed type of field 'name' in model 'Item',0,0,0,0,0,0,1,0,0,0,0,0,0,0
fastapi,synthetic-fastapi-tests\test_multi_query_errors.py-0,tests\test_multi_query_errors.py,,1,renamed route param 'q' in function 'read_items',0,0,0,0,0,0,0,0,0,0,0,2,0,0
fastapi,synthetic-fastapi-tests\test_multi_query_errors.py-1,tests\test_multi_query_errors.py,,1,renamed route param 'q' in function 'read_items',0,0,0,0,0,0,0,0,0,0,0,2,0,0
fastapi,synthetic-fastapi-tests\test_multi_query_errors.py-2,tests\test_multi_query_errors.py,,1,renamed route param 'q' in function 'read_items',0,0,0,0,0,0,0,0,0,0,0,2,0,0
fastapi,synthetic-fastapi-tests\test_nested_annotated_in_sequence.py-0,tests\test_nested_annotated_in_sequence.py,,1,renamed route param 'foo' in function 'read_root',0,0,0,0,0,0,0,0,0,0,0,2,0,0
fastapi,synthetic-fastapi-tests\test_nested_annotated_in_sequence.py-1,tests\test_nested_annotated_in_sequence.py,,1,renamed route param 'foo' in function 'read_root',0,0,0,0,0,0,0,0,0,0,0,2,0,0
fastapi,synthetic-fastapi-tests\test_nested_annotated_in_sequence.py-2,tests\test_nested_annotated_in_sequence.py,,1,renamed route param 'foo' in function 'read_root',0,0,0,0,0,0,0,0,0,0,0,2,0,0
fastapi,synthetic-fastapi-tests\test_no_schema_split.py-0,tests\test_no_schema_split.py,,1,changed type of field 'events' in model 'MessageOutput',0,0,0,0,0,0,1,0,0,0,0,0,0,0
fastapi,synthetic-fastapi-tests\test_no_schema_split.py-1,tests\test_no_schema_split.py,,1,changed type of field 'events' in model 'MessageOutput',0,0,0,0,0,0,1,0,0,0,0,0,0,0
fastapi,synthetic-fastapi-tests\test_no_schema_split.py-2,tests\test_no_schema_split.py,,1,deleted field 'input' from model 'Message',0,0,0,0,1,0,0,0,0,0,0,0,0,0
fastapi,synthetic-fastapi-tests\test_openapi_examples.py-0,tests\test_openapi_examples.py,,1,changed type of field 'data' in model 'Item',0,0,0,0,0,0,1,0,0,0,0,0,0,0
fastapi,synthetic-fastapi-tests\test_openapi_examples.py-1,tests\test_openapi_examples.py,,1,changed type of field 'data' in model 'Item',0,0,0,0,0,0,1,0,0,0,0,0,0,0
fastapi,synthetic-fastapi-tests\test_openapi_examples.py-2,tests\test_openapi_examples.py,,1,deleted field 'data' from model 'Item',0,0,0,0,0,0,0,0,0,0,0,0,0,0
fastapi,synthetic-fastapi-tests\test_openapi_model_description_trim_on_formfeed.py-0,tests\test_openapi_model_description_trim_on_formfeed.py,,1,renamed route param 'v' in function 'foo',0,0,0,0,0,0,0,0,0,0,0,2,0,0
fastapi,synthetic-fastapi-tests\test_openapi_model_description_trim_on_formfeed.py-1,tests\test_openapi_model_description_trim_on_formfeed.py,,1,renamed route param 'v' in function 'foo',0,0,0,0,0,0,0,0,0,0,0,2,0,0
fastapi,synthetic-fastapi-tests\test_openapi_query_parameter_extension.py-0,tests\test_openapi_query_parameter_extension.py,,1,renamed route param 'standard_query_param' in function 'route_with_extra_query_parameters',0,0,0,0,0,0,0,0,0,0,0,2,0,0
fastapi,synthetic-fastapi-tests\test_openapi_query_parameter_extension.py-1,tests\test_openapi_query_parameter_extension.py,,1,renamed route param 'standard_query_param' in function 'route_with_extra_query_parameters',0,0,0,0,0,0,0,0,0,0,0,2,0,0
fastapi,synthetic-fastapi-tests\test_openapi_query_parameter_extension.py-2,tests\test_openapi_query_parameter_extension.py,,1,renamed route param 'standard_query_param' in function 'route_with_extra_query_parameters',0,0,0,0,0,0,0,0,0,0,0,2,0,0
fastapi,synthetic-fastapi-tests\test_openapi_separate_input_output_schemas.py-0,tests\test_openapi_separate_input_output_schemas.py,,1,renamed route param 'item' in function 'create_item_list',0,0,0,0,0,0,0,0,0,0,0,2,0,0
fastapi,synthetic-fastapi-tests\test_openapi_separate_input_output_schemas.py-1,tests\test_openapi_separate_input_output_schemas.py,,1,changed type of field 'name' in model 'Item',0,0,0,0,0,0,1,0,0,0,0,0,0,0
fastapi,synthetic-fastapi-tests\test_openapi_separate_input_output_schemas.py-2,tests\test_openapi_separate_input_output_schemas.py,,1,deleted field 'description' from model 'Item',0,0,0,0,1,0,0,0,0,0,0,0,0,0
fastapi,synthetic-fastapi-tests\test_param_class.py-0,tests\test_param_class.py,,1,renamed route param 'q' in function 'read_items',0,0,0,0,0,0,0,0,0,0,0,2,0,0
fastapi,synthetic-fastapi-tests\test_param_class.py-1,tests\test_param_class.py,,1,renamed route param 'q' in function 'read_items',0,0,0,0,0,0,0,0,0,0,0,2,0,0
fastapi,synthetic-fastapi-tests\test_param_class.py-2,tests\test_param_class.py,,1,renamed route param 'q' in function 'read_items',0,0,0,0,0,0,0,0,0,0,0,2,0,0
fastapi,synthetic-fastapi-tests\test_put_no_body.py-0,tests\test_put_no_body.py,,1,renamed route param 'item_id' in function 'save_item_no_body',0,0,0,0,0,0,0,0,0,0,0,2,0,0
fastapi,synthetic-fastapi-tests\test_put_no_body.py-1,tests\test_put_no_body.py,,1,renamed route param 'item_id' in function 'save_item_no_body',0,0,0,0,0,0,0,0,0,0,0,2,0,0
fastapi,synthetic-fastapi-tests\test_pydantic_v1_error.py-0,tests\test_pydantic_v1_error.py,,1,deleted field 'name' from model 'ModelV1A',0,0,0,0,0,0,0,0,0,0,0,0,0,0
fastapi,synthetic-fastapi-tests\test_pydantic_v1_error.py-1,tests\test_pydantic_v1_error.py,,1,deleted field 'name' from model 'ModelV1A',0,0,0,0,0,0,0,0,0,0,0,0,0,0
fastapi,synthetic-fastapi-tests\test_pydantic_v1_error.py-2,tests\test_pydantic_v1_error.py,,1,changed type of field 'name' in model 'ResponseModelV1',0,0,0,0,0,0,1,0,0,0,0,0,0,0
fastapi,synthetic-fastapi-tests\test_query_cookie_header_model_extra_params.py-0,tests\test_query_cookie_header_model_extra_params.py,,1,deleted field 'param' from model 'Model',0,0,0,0,1,0,0,0,0,0,0,0,0,0
fastapi,synthetic-fastapi-tests\test_query_cookie_header_model_extra_params.py-1,tests\test_query_cookie_header_model_extra_params.py,,1,changed type of field 'x_user_id' in model 'AuthHeaders',0,0,0,0,0,0,1,0,0,0,0,0,0,0
fastapi,synthetic-fastapi-tests\test_query_cookie_header_model_extra_params.py-2,tests\test_query_cookie_header_model_extra_params.py,,1,deleted field 'x_user_id' from model 'AuthHeaders',0,0,0,0,0,0,0,0,0,0,0,0,0,0
fastapi,synthetic-fastapi-tests\test_read_with_orm_mode.py-0,tests\test_read_with_orm_mode.py,,1,changed type of field 'name' in model 'PersonBase',0,0,0,0,0,0,1,0,0,0,0,0,0,0
fastapi,synthetic-fastapi-tests\test_read_with_orm_mode.py-1,tests\test_read_with_orm_mode.py,,1,changed type of field 'name' in model 'PersonBase',0,0,0,0,0,0,1,0,0,0,0,0,0,0
fastapi,synthetic-fastapi-tests\test_read_with_orm_mode.py-2,tests\test_read_with_orm_mode.py,,1,changed type of field 'name' in model 'PersonBase',0,0,0,0,0,0,1,0,0,0,0,0,0,0
fastapi,synthetic-fastapi-tests\test_repeated_cookie_headers.py-0,tests\test_repeated_cookie_headers.py,,1,renamed route param 'dep' in function 'get_direct_cookie',0,0,0,0,0,0,0,0,0,0,0,0,0,0
fastapi,synthetic-fastapi-tests\test_repeated_cookie_headers.py-1,tests\test_repeated_cookie_headers.py,,1,renamed route param 'dep' in function 'get_direct_cookie',0,0,0,0,0,0,0,0,0,0,0,0,0,0
fastapi,synthetic-fastapi-tests\test_repeated_dependency_schema.py-0,tests\test_repeated_dependency_schema.py,,1,renamed route param 'dep1' in function 'get_deps',0,0,0,0,0,0,0,0,0,0,0,0,0,0
fastapi,synthetic-fastapi-tests\test_repeated_dependency_schema.py-1,tests\test_repeated_dependency_schema.py,,1,renamed route param 'dep2' in function 'get_deps',0,0,0,0,0,0,0,0,0,0,0,0,0,0
fastapi,synthetic-fastapi-tests\test_repeated_dependency_schema.py-2,tests\test_repeated_dependency_schema.py,,1,removed route param 'dep2' from function 'get_deps',0,0,0,0,0,0,0,0,0,0,0,0,0,0
fastapi,synthetic-fastapi-tests\test_repeated_parameter_alias.py-0,tests\test_repeated_parameter_alias.py,,1,removed route param 'query' from function 'get_parameters_with_repeated_aliases',0,0,0,0,0,0,0,0,0,0,0,1,0,0
fastapi,synthetic-fastapi-tests\test_repeated_parameter_alias.py-1,tests\test_repeated_parameter_alias.py,,1,removed route param 'path' from function 'get_parameters_with_repeated_aliases',0,0,0,0,0,0,0,0,0,0,0,1,0,0
fastapi,synthetic-fastapi-tests\test_repeated_parameter_alias.py-2,tests\test_repeated_parameter_alias.py,,1,renamed route param 'query' in function 'get_parameters_with_repeated_aliases',0,0,0,0,0,0,0,0,0,0,0,2,0,0
fastapi,synthetic-fastapi-tests\test_request_body_parameters_media_type.py-0,tests\test_request_body_parameters_media_type.py,,1,changed type of field 'name' in model 'Shop',0,0,0,0,0,0,1,0,0,0,0,0,0,0
fastapi,synthetic-fastapi-tests\test_request_body_parameters_media_type.py-1,tests\test_request_body_parameters_media_type.py,,1,deleted field 'price' from model 'Product',0,0,0,0,1,0,0,0,0,0,0,0,0,0
fastapi,synthetic-fastapi-tests\test_request_body_parameters_media_type.py-2,tests\test_request_body_parameters_media_type.py,,1,deleted field 'name' from model 'Shop',0,0,0,0,0,0,0,0,0,0,0,0,0,0
fastapi,synthetic-fastapi-tests\test_request_param_model_by_alias.py-0,tests\test_request_param_model_by_alias.py,,1,deleted field 'param' from model 'Model',0,0,0,0,0,0,0,0,0,0,0,0,0,0
fastapi,synthetic-fastapi-tests\test_request_param_model_by_alias.py-1,tests\test_request_param_model_by_alias.py,,1,deleted field 'param' from model 'Model',0,0,0,0,0,0,0,0,0,0,0,0,0,0
fastapi,synthetic-fastapi-tests\test_request_param_model_by_alias.py-2,tests\test_request_param_model_by_alias.py,,1,deleted field 'param' from model 'Model',0,0,0,0,0,0,0,0,0,0,0,0,0,0
fastapi,synthetic-fastapi-tests\test_required_noneable.py-0,tests\test_required_noneable.py,,1,renamed route param 'b' in function 'send_body_embed',0,0,0,0,0,0,0,0,0,0,0,2,0,0
fastapi,synthetic-fastapi-tests\test_required_noneable.py-1,tests\test_required_noneable.py,,1,renamed route param 'b' in function 'send_body_embed',0,0,0,0,0,0,0,0,0,0,0,2,0,0
fastapi,synthetic-fastapi-tests\test_required_noneable.py-2,tests\test_required_noneable.py,,1,renamed route param 'b' in function 'send_body_embed',0,0,0,0,0,0,0,0,0,0,0,2,0,0
fastapi,synthetic-fastapi-tests\test_response_by_alias.py-0,tests\test_response_by_alias.py,,1,deleted field 'name' from model 'Model',0,0,0,0,0,0,0,0,0,0,0,0,0,0
fastapi,synthetic-fastapi-tests\test_response_by_alias.py-1,tests\test_response_by_alias.py,,1,deleted field 'name' from model 'ModelNoAlias',0,0,0,0,1,0,0,0,0,0,0,0,0,0
fastapi,synthetic-fastapi-tests\test_response_by_alias.py-2,tests\test_response_by_alias.py,,1,changed type of field 'name' in model 'Model',0,0,0,0,0,0,1,0,0,0,0,0,0,0
fastapi,synthetic-fastapi-tests\test_response_class_no_mediatype.py-0,tests\test_response_class_no_mediatype.py,,1,changed type of field 'errors' in model 'JsonApiError',0,0,0,0,0,0,1,0,0,0,0,0,0,0
fastapi,synthetic-fastapi-tests\test_response_class_no_mediatype.py-1,tests\test_response_class_no_mediatype.py,,1,changed type of field 'errors' in model 'JsonApiError',0,0,0,0,0,0,1,0,0,0,0,0,0,0
fastapi,synthetic-fastapi-tests\test_response_class_no_mediatype.py-2,tests\test_response_class_no_mediatype.py,,1,deleted field 'title' from model 'Error',0,0,0,0,1,0,0,0,0,0,0,0,0,0
fastapi,synthetic-fastapi-tests\test_response_code_no_body.py-0,tests\test_response_code_no_body.py,,1,deleted field 'title' from model 'Error',0,0,0,0,1,0,0,0,0,0,0,0,0,0
fastapi,synthetic-fastapi-tests\test_response_code_no_body.py-1,tests\test_response_code_no_body.py,,1,deleted field 'errors' from model 'JsonApiError',0,0,0,0,0,0,0,0,0,0,0,0,0,0
fastapi,synthetic-fastapi-tests\test_response_code_no_body.py-2,tests\test_response_code_no_body.py,,1,changed type of field 'errors' in model 'JsonApiError',0,0,0,0,0,0,1,0,0,0,0,0,0,0
fastapi,synthetic-fastapi-tests\test_response_dependency.py-0,tests\test_response_dependency.py,,1,renamed route param 'background_tasks' in function 'endpoint',0,0,0,0,0,0,0,0,0,0,0,0,0,0
fastapi,synthetic-fastapi-tests\test_response_dependency.py-1,tests\test_response_dependency.py,,1,renamed route param 'response' in function 'endpoint',0,0,0,0,0,0,0,0,0,0,0,0,0,0
fastapi,synthetic-fastapi-tests\test_response_dependency.py-2,tests\test_response_dependency.py,,1,renamed route param 'info' in function 'endpoint',0,0,0,0,0,0,0,0,0,0,0,0,0,0
fastapi,synthetic-fastapi-tests\test_response_model_as_return_annotation.py-0,tests\test_response_model_as_return_annotation.py,,1,deleted field 'name' from model 'BaseUser',0,0,0,0,0,0,0,0,0,0,0,0,0,0
fastapi,synthetic-fastapi-tests\test_response_model_as_return_annotation.py-1,tests\test_response_model_as_return_annotation.py,,1,deleted field 'name' from model 'BaseUser',0,0,0,0,0,0,0,0,0,0,0,0,0,0
fastapi,synthetic-fastapi-tests\test_response_model_as_return_annotation.py-2,tests\test_response_model_as_return_annotation.py,,1,deleted field 'name' from model 'Item',0,0,0,0,1,0,0,0,0,0,0,0,0,0
fastapi,synthetic-fastapi-tests\test_response_model_data_filter.py-0,tests\test_response_model_data_filter.py,,1,changed type of field 'owner' in model 'PetOut',0,0,0,0,0,0,1,0,0,0,0,0,0,0
fastapi,synthetic-fastapi-tests\test_response_model_data_filter.py-1,tests\test_response_model_data_filter.py,,1,changed type of field 'name' in model 'PetDB',0,0,0,0,0,0,1,0,0,0,0,0,0,0
fastapi,synthetic-fastapi-tests\test_response_model_data_filter.py-2,tests\test_response_model_data_filter.py,,1,deleted field 'name' from model 'PetDB',0,0,0,0,1,0,0,0,0,0,0,0,0,0
fastapi,synthetic-fastapi-tests\test_response_model_data_filter_no_inheritance.py-0,tests\test_response_model_data_filter_no_inheritance.py,,1,deleted field 'owner' from model 'PetDB',0,0,0,0,1,0,0,0,0,0,0,0,0,0
fastapi,synthetic-fastapi-tests\test_response_model_data_filter_no_inheritance.py-1,tests\test_response_model_data_filter_no_inheritance.py,,1,changed type of field 'name' in model 'PetDB',0,0,0,0,0,0,1,0,0,0,0,0,0,0
fastapi,synthetic-fastapi-tests\test_response_model_data_filter_no_inheritance.py-2,tests\test_response_model_data_filter_no_inheritance.py,,1,deleted field 'email' from model 'UserCreate',0,0,0,0,1,0,0,0,0,0,0,0,0,0
fastapi,synthetic-fastapi-tests\test_response_model_default_factory.py-0,tests\test_response_model_default_factory.py,,1,deleted field 'code' from model 'ResponseModel',0,0,0,0,1,0,0,0,0,0,0,0,0,0
fastapi,synthetic-fastapi-tests\test_response_model_default_factory.py-1,tests\test_response_model_default_factory.py,,1,deleted field 'message' from model 'ResponseModel',0,0,0,0,1,0,0,0,0,0,0,0,0,0
fastapi,synthetic-fastapi-tests\test_response_model_default_factory.py-2,tests\test_response_model_default_factory.py,,1,deleted field 'code' from model 'ResponseModel',0,0,0,0,1,0,0,0,0,0,0,0,0,0
fastapi,synthetic-fastapi-tests\test_response_model_include_exclude.py-0,tests\test_response_model_include_exclude.py,,1,deleted field 'bar' from model 'Model1',0,0,0,0,1,0,0,0,0,0,0,0,0,0
fastapi,synthetic-fastapi-tests\test_response_model_include_exclude.py-1,tests\test_response_model_include_exclude.py,,1,deleted field 'name' from model 'Model3',0,0,0,0,1,0,0,0,0,0,0,0,0,0
fastapi,synthetic-fastapi-tests\test_response_model_include_exclude.py-2,tests\test_response_model_include_exclude.py,,1,deleted field 'baz' from model 'Model2',0,0,0,0,1,0,0,0,0,0,0,0,0,0
fastapi,synthetic-fastapi-tests\test_response_model_sub_types.py-0,tests\test_response_model_sub_types.py,,1,changed type of field 'name' in model 'Model',0,0,0,0,0,0,1,0,0,0,0,0,0,0
fastapi,synthetic-fastapi-tests\test_response_model_sub_types.py-1,tests\test_response_model_sub_types.py,,1,changed type of field 'name' in model 'Model',0,0,0,0,0,0,1,0,0,0,0,0,0,0
fastapi,synthetic-fastapi-tests\test_response_model_sub_types.py-2,tests\test_response_model_sub_types.py,,1,changed type of field 'name' in model 'Model',0,0,0,0,0,0,1,0,0,0,0,0,0,0
fastapi,synthetic-fastapi-tests\test_router_events.py-0,tests\test_router_events.py,,1,changed type of field 'router_shutdown' in model 'State',0,0,0,0,0,0,1,0,0,0,0,0,0,0
fastapi,synthetic-fastapi-tests\test_router_events.py-1,tests\test_router_events.py,,1,changed type of field 'app_startup' in model 'State',0,0,0,0,0,0,1,0,0,0,0,0,0,0
fastapi,synthetic-fastapi-tests\test_router_events.py-2,tests\test_router_events.py,,1,changed type of field 'sub_router_startup' in model 'State',0,0,0,0,0,0,1,0,0,0,0,0,0,0
fastapi,synthetic-fastapi-tests\test_router_include_context.py-0,tests\test_router_include_context.py,,1,removed route param 'request' from function 'read_item',0,0,0,0,0,0,0,0,0,0,0,0,0,0
fastapi,synthetic-fastapi-tests\test_router_include_context.py-1,tests\test_router_include_context.py,,1,renamed route param 'item_id' in function 'read_item',0,0,0,0,0,0,0,0,0,0,0,2,0,0
fastapi,synthetic-fastapi-tests\test_router_include_context.py-2,tests\test_router_include_context.py,,1,changed type of field 'username' in model 'Subscription',0,0,0,0,0,0,1,0,0,0,0,0,0,0
fastapi,synthetic-fastapi-tests\test_router_prefix_with_template.py-0,tests\test_router_prefix_with_template.py,,1,renamed route param 'id' in function 'read_user',0,0,0,0,0,0,0,0,0,0,0,2,0,0
fastapi,synthetic-fastapi-tests\test_router_prefix_with_template.py-1,tests\test_router_prefix_with_template.py,,1,removed route param 'segment' from function 'read_user',0,0,0,0,0,0,0,0,0,0,0,1,0,0
fastapi,synthetic-fastapi-tests\test_router_prefix_with_template.py-2,tests\test_router_prefix_with_template.py,,1,removed route param 'segment' from function 'read_user',0,0,0,0,0,0,0,0,0,0,0,1,0,0
fastapi,synthetic-fastapi-tests\test_schema_compat_pydantic_v2.py-0,tests\test_schema_compat_pydantic_v2.py,,1,changed type of field 'username' in model 'User',0,0,0,0,0,0,1,0,0,0,0,0,0,0
fastapi,synthetic-fastapi-tests\test_schema_compat_pydantic_v2.py-1,tests\test_schema_compat_pydantic_v2.py,,1,deleted field 'role' from model 'User',0,0,0,0,1,0,0,0,0,0,0,0,0,0
fastapi,synthetic-fastapi-tests\test_schema_compat_pydantic_v2.py-2,tests\test_schema_compat_pydantic_v2.py,,1,changed type of field 'role' in model 'User',0,0,0,0,0,0,1,0,0,0,0,0,0,0
fastapi,synthetic-fastapi-tests\test_schema_extra_examples.py-0,tests\test_schema_extra_examples.py,,1,renamed route param 'data' in function 'cookie_examples',0,0,0,0,0,0,0,0,0,0,0,2,0,0
fastapi,synthetic-fastapi-tests\test_schema_extra_examples.py-1,tests\test_schema_extra_examples.py,,1,deleted field 'data' from model 'Item',0,0,0,0,1,0,0,0,0,0,0,0,0,0
fastapi,synthetic-fastapi-tests\test_schema_extra_examples.py-2,tests\test_schema_extra_examples.py,,1,deleted field 'data' from model 'Item',0,0,0,0,1,0,0,0,0,0,0,0,0,0
fastapi,synthetic-fastapi-tests\test_schema_ref_pydantic_v2.py-0,tests\test_schema_ref_pydantic_v2.py,,1,deleted field 'ref' from model 'ModelWithRef',0,0,0,0,1,0,0,0,0,0,0,0,0,0
fastapi,synthetic-fastapi-tests\test_schema_ref_pydantic_v2.py-1,tests\test_schema_ref_pydantic_v2.py,,1,deleted field 'ref' from model 'ModelWithRef',0,0,0,0,1,0,0,0,0,0,0,0,0,0
fastapi,synthetic-fastapi-tests\test_schema_ref_pydantic_v2.py-2,tests\test_schema_ref_pydantic_v2.py,,1,deleted field 'ref' from model 'ModelWithRef',0,0,0,0,1,0,0,0,0,0,0,0,0,0
fastapi,synthetic-fastapi-tests\test_security_api_key_cookie.py-0,tests\test_security_api_key_cookie.py,,1,changed type of field 'username' in model 'User',0,0,0,0,0,0,1,0,0,0,0,0,0,0
fastapi,synthetic-fastapi-tests\test_security_api_key_cookie.py-1,tests\test_security_api_key_cookie.py,,1,deleted field 'username' from model 'User',0,0,0,0,0,0,0,0,0,0,0,0,0,0
fastapi,synthetic-fastapi-tests\test_security_api_key_cookie.py-2,tests\test_security_api_key_cookie.py,,1,changed type of field 'username' in model 'User',0,0,0,0,0,0,1,0,0,0,0,0,0,0
fastapi,synthetic-fastapi-tests\test_security_api_key_cookie_description.py-0,tests\test_security_api_key_cookie_description.py,,1,deleted field 'username' from model 'User',0,0,0,0,0,0,0,0,0,0,0,0,0,0
fastapi,synthetic-fastapi-tests\test_security_api_key_cookie_description.py-1,tests\test_security_api_key_cookie_description.py,,1,deleted field 'username' from model 'User',0,0,0,0,0,0,0,0,0,0,0,0,0,0
fastapi,synthetic-fastapi-tests\test_security_api_key_cookie_description.py-2,tests\test_security_api_key_cookie_description.py,,1,deleted field 'username' from model 'User',0,0,0,0,0,0,0,0,0,0,0,0,0,0
fastapi,synthetic-fastapi-tests\test_security_api_key_cookie_optional.py-0,tests\test_security_api_key_cookie_optional.py,,1,deleted field 'username' from model 'User',0,0,0,0,0,0,0,0,0,0,0,0,0,0
fastapi,synthetic-fastapi-tests\test_security_api_key_cookie_optional.py-1,tests\test_security_api_key_cookie_optional.py,,1,renamed route param 'current_user' in function 'read_current_user',0,0,0,0,0,0,0,0,0,0,0,0,0,0
fastapi,synthetic-fastapi-tests\test_security_api_key_cookie_optional.py-2,tests\test_security_api_key_cookie_optional.py,,1,renamed route param 'current_user' in function 'read_current_user',0,0,0,0,0,0,0,0,0,0,0,0,0,0
fastapi,synthetic-fastapi-tests\test_security_api_key_header.py-0,tests\test_security_api_key_header.py,,1,deleted field 'username' from model 'User',0,0,0,0,0,0,0,0,0,0,0,0,0,0
fastapi,synthetic-fastapi-tests\test_security_api_key_header.py-1,tests\test_security_api_key_header.py,,1,renamed route param 'current_user' in function 'read_current_user',0,0,0,0,0,0,0,0,0,0,0,0,0,0
fastapi,synthetic-fastapi-tests\test_security_api_key_header.py-2,tests\test_security_api_key_header.py,,1,deleted field 'username' from model 'User',0,0,0,0,0,0,0,0,0,0,0,0,0,0
fastapi,synthetic-fastapi-tests\test_security_api_key_header_description.py-0,tests\test_security_api_key_header_description.py,,1,renamed route param 'current_user' in function 'read_current_user',0,0,0,0,0,0,0,0,0,0,0,0,0,0
fastapi,synthetic-fastapi-tests\test_security_api_key_header_description.py-1,tests\test_security_api_key_header_description.py,,1,changed type of field 'username' in model 'User',0,0,0,0,0,0,1,0,0,0,0,0,0,0
fastapi,synthetic-fastapi-tests\test_security_api_key_header_description.py-2,tests\test_security_api_key_header_description.py,,1,renamed route param 'current_user' in function 'read_current_user',0,0,0,0,0,0,0,0,0,0,0,0,0,0
fastapi,synthetic-fastapi-tests\test_security_api_key_header_optional.py-0,tests\test_security_api_key_header_optional.py,,1,changed type of field 'username' in model 'User',0,0,0,0,0,0,1,0,0,0,0,0,0,0
fastapi,synthetic-fastapi-tests\test_security_api_key_header_optional.py-1,tests\test_security_api_key_header_optional.py,,1,deleted field 'username' from model 'User',0,0,0,0,0,0,0,0,0,0,0,0,0,0
fastapi,synthetic-fastapi-tests\test_security_api_key_header_optional.py-2,tests\test_security_api_key_header_optional.py,,1,renamed route param 'current_user' in function 'read_current_user',0,0,0,0,0,0,0,0,0,0,0,0,0,0
fastapi,synthetic-fastapi-tests\test_security_api_key_query.py-0,tests\test_security_api_key_query.py,,1,changed type of field 'username' in model 'User',0,0,0,0,0,0,1,0,0,0,0,0,0,0
fastapi,synthetic-fastapi-tests\test_security_api_key_query.py-1,tests\test_security_api_key_query.py,,1,changed type of field 'username' in model 'User',0,0,0,0,0,0,1,0,0,0,0,0,0,0
fastapi,synthetic-fastapi-tests\test_security_api_key_query.py-2,tests\test_security_api_key_query.py,,1,renamed route param 'current_user' in function 'read_current_user',0,0,0,0,0,0,0,0,0,0,0,0,0,0
fastapi,synthetic-fastapi-tests\test_security_api_key_query_description.py-0,tests\test_security_api_key_query_description.py,,1,renamed route param 'current_user' in function 'read_current_user',0,0,0,0,0,0,0,0,0,0,0,0,0,0
fastapi,synthetic-fastapi-tests\test_security_api_key_query_description.py-1,tests\test_security_api_key_query_description.py,,1,changed type of field 'username' in model 'User',0,0,0,0,0,0,1,0,0,0,0,0,0,0
fastapi,synthetic-fastapi-tests\test_security_api_key_query_description.py-2,tests\test_security_api_key_query_description.py,,1,deleted field 'username' from model 'User',0,0,0,0,0,0,0,0,0,0,0,0,0,0
fastapi,synthetic-fastapi-tests\test_security_api_key_query_optional.py-0,tests\test_security_api_key_query_optional.py,,1,renamed route param 'current_user' in function 'read_current_user',0,0,0,0,0,0,0,0,0,0,0,0,0,0
fastapi,synthetic-fastapi-tests\test_security_api_key_query_optional.py-1,tests\test_security_api_key_query_optional.py,,1,deleted field 'username' from model 'User',0,0,0,0,0,0,0,0,0,0,0,0,0,0
fastapi,synthetic-fastapi-tests\test_security_api_key_query_optional.py-2,tests\test_security_api_key_query_optional.py,,1,renamed route param 'current_user' in function 'read_current_user',0,0,0,0,0,0,0,0,0,0,0,0,0,0
fastapi,synthetic-fastapi-tests\test_security_http_base.py-0,tests\test_security_http_base.py,,1,renamed route param 'credentials' in function 'read_current_user',0,0,0,0,0,0,0,0,0,0,0,0,0,0
fastapi,synthetic-fastapi-tests\test_security_http_base.py-1,tests\test_security_http_base.py,,1,renamed route param 'credentials' in function 'read_current_user',0,0,0,0,0,0,0,0,0,0,0,0,0,0
fastapi,synthetic-fastapi-tests\test_security_http_base.py-2,tests\test_security_http_base.py,,1,renamed route param 'credentials' in function 'read_current_user',0,0,0,0,0,0,0,0,0,0,0,0,0,0
fastapi,synthetic-fastapi-tests\test_security_http_base_description.py-0,tests\test_security_http_base_description.py,,1,renamed route param 'credentials' in function 'read_current_user',0,0,0,0,0,0,0,0,0,0,0,0,0,0
fastapi,synthetic-fastapi-tests\test_security_http_base_description.py-1,tests\test_security_http_base_description.py,,1,renamed route param 'credentials' in function 'read_current_user',0,0,0,0,0,0,0,0,0,0,0,0,0,0
fastapi,synthetic-fastapi-tests\test_security_http_base_optional.py-0,tests\test_security_http_base_optional.py,,1,renamed route param 'credentials' in function 'read_current_user',0,0,0,0,0,0,0,0,0,0,0,0,0,0
fastapi,synthetic-fastapi-tests\test_security_http_base_optional.py-1,tests\test_security_http_base_optional.py,,1,renamed route param 'credentials' in function 'read_current_user',0,0,0,0,0,0,0,0,0,0,0,0,0,0
fastapi,synthetic-fastapi-tests\test_security_http_base_optional.py-2,tests\test_security_http_base_optional.py,,1,renamed route param 'credentials' in function 'read_current_user',0,0,0,0,0,0,0,0,0,0,0,0,0,0
fastapi,synthetic-fastapi-tests\test_security_http_basic_optional.py-0,tests\test_security_http_basic_optional.py,,1,renamed route param 'credentials' in function 'read_current_user',0,0,0,0,0,0,0,0,0,0,0,0,0,0
fastapi,synthetic-fastapi-tests\test_security_http_basic_optional.py-1,tests\test_security_http_basic_optional.py,,1,renamed route param 'credentials' in function 'read_current_user',0,0,0,0,0,0,0,0,0,0,0,0,0,0
fastapi,synthetic-fastapi-tests\test_security_http_basic_optional.py-2,tests\test_security_http_basic_optional.py,,1,renamed route param 'credentials' in function 'read_current_user',0,0,0,0,0,0,0,0,0,0,0,0,0,0
fastapi,synthetic-fastapi-tests\test_security_http_basic_realm.py-0,tests\test_security_http_basic_realm.py,,1,renamed route param 'credentials' in function 'read_current_user',0,0,0,0,0,0,0,0,0,0,0,0,0,0
fastapi,synthetic-fastapi-tests\test_security_http_basic_realm.py-1,tests\test_security_http_basic_realm.py,,1,renamed route param 'credentials' in function 'read_current_user',0,0,0,0,0,0,0,0,0,0,0,0,0,0
fastapi,synthetic-fastapi-tests\test_security_http_basic_realm.py-2,tests\test_security_http_basic_realm.py,,1,renamed route param 'credentials' in function 'read_current_user',0,0,0,0,0,0,0,0,0,0,0,0,0,0
fastapi,synthetic-fastapi-tests\test_security_http_basic_realm_description.py-0,tests\test_security_http_basic_realm_description.py,,1,renamed route param 'credentials' in function 'read_current_user',0,0,0,0,0,0,0,0,0,0,0,0,0,0
fastapi,synthetic-fastapi-tests\test_security_http_bearer.py-0,tests\test_security_http_bearer.py,,1,renamed route param 'credentials' in function 'read_current_user',0,0,0,0,0,0,0,0,0,0,0,0,0,0
fastapi,synthetic-fastapi-tests\test_security_http_bearer_description.py-0,tests\test_security_http_bearer_description.py,,1,renamed route param 'credentials' in function 'read_current_user',0,0,0,0,0,0,0,0,0,0,0,0,0,0
fastapi,synthetic-fastapi-tests\test_security_http_bearer_description.py-1,tests\test_security_http_bearer_description.py,,1,renamed route param 'credentials' in function 'read_current_user',0,0,0,0,0,0,0,0,0,0,0,0,0,0
fastapi,synthetic-fastapi-tests\test_security_http_bearer_optional.py-0,tests\test_security_http_bearer_optional.py,,1,renamed route param 'credentials' in function 'read_current_user',0,0,0,0,0,0,0,0,0,0,0,0,0,0
fastapi,synthetic-fastapi-tests\test_security_http_bearer_optional.py-1,tests\test_security_http_bearer_optional.py,,1,renamed route param 'credentials' in function 'read_current_user',0,0,0,0,0,0,0,0,0,0,0,0,0,0
fastapi,synthetic-fastapi-tests\test_security_http_bearer_optional.py-2,tests\test_security_http_bearer_optional.py,,1,renamed route param 'credentials' in function 'read_current_user',0,0,0,0,0,0,0,0,0,0,0,0,0,0
fastapi,synthetic-fastapi-tests\test_security_http_digest.py-0,tests\test_security_http_digest.py,,1,renamed route param 'credentials' in function 'read_current_user',0,0,0,0,0,0,0,0,0,0,0,0,0,0
fastapi,synthetic-fastapi-tests\test_security_http_digest.py-1,tests\test_security_http_digest.py,,1,renamed route param 'credentials' in function 'read_current_user',0,0,0,0,0,0,0,0,0,0,0,0,0,0
fastapi,synthetic-fastapi-tests\test_security_http_digest.py-2,tests\test_security_http_digest.py,,1,renamed route param 'credentials' in function 'read_current_user',0,0,0,0,0,0,0,0,0,0,0,0,0,0
fastapi,synthetic-fastapi-tests\test_security_http_digest_description.py-0,tests\test_security_http_digest_description.py,,1,renamed route param 'credentials' in function 'read_current_user',0,0,0,0,0,0,0,0,0,0,0,0,0,0
fastapi,synthetic-fastapi-tests\test_security_http_digest_description.py-1,tests\test_security_http_digest_description.py,,1,renamed route param 'credentials' in function 'read_current_user',0,0,0,0,0,0,0,0,0,0,0,0,0,0
fastapi,synthetic-fastapi-tests\test_security_http_digest_description.py-2,tests\test_security_http_digest_description.py,,1,renamed route param 'credentials' in function 'read_current_user',0,0,0,0,0,0,0,0,0,0,0,0,0,0
fastapi,synthetic-fastapi-tests\test_security_http_digest_optional.py-0,tests\test_security_http_digest_optional.py,,1,renamed route param 'credentials' in function 'read_current_user',0,0,0,0,0,0,0,0,0,0,0,0,0,0
fastapi,synthetic-fastapi-tests\test_security_http_digest_optional.py-1,tests\test_security_http_digest_optional.py,,1,renamed route param 'credentials' in function 'read_current_user',0,0,0,0,0,0,0,0,0,0,0,0,0,0
fastapi,synthetic-fastapi-tests\test_security_http_digest_optional.py-2,tests\test_security_http_digest_optional.py,,1,renamed route param 'credentials' in function 'read_current_user',0,0,0,0,0,0,0,0,0,0,0,0,0,0
fastapi,synthetic-fastapi-tests\test_security_oauth2.py-0,tests\test_security_oauth2.py,,1,renamed route param 'form_data' in function 'login',0,0,0,0,0,0,0,0,0,0,0,0,0,0
fastapi,synthetic-fastapi-tests\test_security_oauth2.py-1,tests\test_security_oauth2.py,,1,renamed route param 'form_data' in function 'login',0,0,0,0,0,0,0,0,0,0,0,0,0,0
fastapi,synthetic-fastapi-tests\test_security_oauth2.py-2,tests\test_security_oauth2.py,,1,deleted field 'username' from model 'User',0,0,0,0,0,0,0,0,0,0,0,0,0,0
fastapi,synthetic-fastapi-tests\test_security_oauth2_optional.py-0,tests\test_security_oauth2_optional.py,,1,changed type of field 'username' in model 'User',0,0,0,0,0,0,1,0,0,0,0,0,0,0
fastapi,synthetic-fastapi-tests\test_security_oauth2_optional.py-1,tests\test_security_oauth2_optional.py,,1,deleted field 'username' from model 'User',0,0,0,0,0,0,0,0,0,0,0,0,0,0
fastapi,synthetic-fastapi-tests\test_security_oauth2_optional.py-2,tests\test_security_oauth2_optional.py,,1,changed type of field 'username' in model 'User',0,0,0,0,0,0,1,0,0,0,0,0,0,0
fastapi,synthetic-fastapi-tests\test_security_oauth2_optional_description.py-0,tests\test_security_oauth2_optional_description.py,,1,renamed route param 'form_data' in function 'login',0,0,0,0,0,0,0,0,0,0,0,0,0,0
fastapi,synthetic-fastapi-tests\test_security_oauth2_optional_description.py-1,tests\test_security_oauth2_optional_description.py,,1,changed type of field 'username' in model 'User',0,0,0,0,0,0,1,0,0,0,0,0,0,0
fastapi,synthetic-fastapi-tests\test_security_oauth2_optional_description.py-2,tests\test_security_oauth2_optional_description.py,,1,renamed route param 'form_data' in function 'login',0,0,0,0,0,0,0,0,0,0,0,0,0,0
fastapi,synthetic-fastapi-tests\test_security_openid_connect.py-0,tests\test_security_openid_connect.py,,1,deleted field 'username' from model 'User',0,0,0,0,0,0,0,0,0,0,0,0,0,0
fastapi,synthetic-fastapi-tests\test_security_openid_connect.py-1,tests\test_security_openid_connect.py,,1,renamed route param 'current_user' in function 'read_current_user',0,0,0,0,0,0,0,0,0,0,0,0,0,0
fastapi,synthetic-fastapi-tests\test_security_openid_connect.py-2,tests\test_security_openid_connect.py,,1,renamed route param 'current_user' in function 'read_current_user',0,0,0,0,0,0,0,0,0,0,0,0,0,0
fastapi,synthetic-fastapi-tests\test_security_openid_connect_description.py-0,tests\test_security_openid_connect_description.py,,1,changed type of field 'username' in model 'User',0,0,0,0,0,0,1,0,0,0,0,0,0,0
fastapi,synthetic-fastapi-tests\test_security_openid_connect_description.py-1,tests\test_security_openid_connect_description.py,,1,renamed route param 'current_user' in function 'read_current_user',0,0,0,0,0,0,0,0,0,0,0,0,0,0
fastapi,synthetic-fastapi-tests\test_security_openid_connect_description.py-2,tests\test_security_openid_connect_description.py,,1,changed type of field 'username' in model 'User',0,0,0,0,0,0,1,0,0,0,0,0,0,0
fastapi,synthetic-fastapi-tests\test_security_openid_connect_optional.py-0,tests\test_security_openid_connect_optional.py,,1,deleted field 'username' from model 'User',0,0,0,0,0,0,0,0,0,0,0,0,0,0
fastapi,synthetic-fastapi-tests\test_security_openid_connect_optional.py-1,tests\test_security_openid_connect_optional.py,,1,changed type of field 'username' in model 'User',0,0,0,0,0,0,1,0,0,0,0,0,0,0
fastapi,synthetic-fastapi-tests\test_security_openid_connect_optional.py-2,tests\test_security_openid_connect_optional.py,,1,changed type of field 'username' in model 'User',0,0,0,0,0,0,1,0,0,0,0,0,0,0
fastapi,synthetic-fastapi-tests\test_security_scopes.py-0,tests\test_security_scopes.py,,1,renamed route param 'db' in function 'endpoint',0,0,0,0,0,0,0,0,0,0,0,0,0,0
fastapi,synthetic-fastapi-tests\test_security_scopes.py-1,tests\test_security_scopes.py,,1,renamed route param 'db' in function 'endpoint',0,0,0,0,0,0,0,0,0,0,0,0,0,0
fastapi,synthetic-fastapi-tests\test_security_scopes.py-2,tests\test_security_scopes.py,,1,renamed route param 'db' in function 'endpoint',0,0,0,0,0,0,0,0,0,0,0,0,0,0
fastapi,synthetic-fastapi-tests\test_security_scopes_dont_propagate.py-0,tests\test_security_scopes_dont_propagate.py,,1,renamed route param 'dep3' in function 'get_scopes',0,0,0,0,0,0,0,0,0,0,0,0,0,0
fastapi,synthetic-fastapi-tests\test_security_scopes_dont_propagate.py-1,tests\test_security_scopes_dont_propagate.py,,1,renamed route param 'dep3' in function 'get_scopes',0,0,0,0,0,0,0,0,0,0,0,0,0,0
fastapi,synthetic-fastapi-tests\test_security_scopes_sub_dependency.py-0,tests\test_security_scopes_sub_dependency.py,,1,removed route param 'user_me' from function 'path_operation',0,0,0,0,0,0,0,0,0,0,0,0,0,0
fastapi,synthetic-fastapi-tests\test_security_scopes_sub_dependency.py-1,tests\test_security_scopes_sub_dependency.py,,1,removed route param 'user_me' from function 'path_operation',0,0,0,0,0,0,0,0,0,0,0,0,0,0
fastapi,synthetic-fastapi-tests\test_security_scopes_sub_dependency.py-2,tests\test_security_scopes_sub_dependency.py,,1,renamed route param 'user_items' in function 'path_operation',0,0,0,0,0,0,0,0,0,0,0,0,0,0
fastapi,synthetic-fastapi-tests\test_serialize_response.py-0,tests\test_serialize_response.py,,1,deleted field 'price' from model 'Item',0,0,0,0,1,0,0,0,0,0,0,0,0,0
fastapi,synthetic-fastapi-tests\test_serialize_response.py-1,tests\test_serialize_response.py,,1,changed type of field 'name' in model 'Item',0,0,0,0,0,0,1,0,0,0,0,0,0,0
fastapi,synthetic-fastapi-tests\test_serialize_response.py-2,tests\test_serialize_response.py,,1,deleted field 'price' from model 'Item',0,0,0,0,1,0,0,0,0,0,0,0,0,0
fastapi,synthetic-fastapi-tests\test_serialize_response_model.py-0,tests\test_serialize_response_model.py,,1,deleted field 'owner_ids' from model 'Item',0,0,0,0,1,0,0,0,0,0,0,0,0,0
fastapi,synthetic-fastapi-tests\test_serialize_response_model.py-1,tests\test_serialize_response_model.py,,1,changed type of field 'name' in model 'Item',0,0,0,0,0,0,1,0,0,0,0,0,0,0
fastapi,synthetic-fastapi-tests\test_serialize_response_model.py-2,tests\test_serialize_response_model.py,,1,deleted field 'price' from model 'Item',0,0,0,0,1,0,0,0,0,0,0,0,0,0
fastapi,synthetic-fastapi-tests\test_skip_defaults.py-0,tests\test_skip_defaults.py,,1,changed type of field 'a' in model 'SubModel',0,0,0,0,0,0,1,0,0,0,0,0,0,0
fastapi,synthetic-fastapi-tests\test_skip_defaults.py-1,tests\test_skip_defaults.py,,1,changed type of field 'a' in model 'SubModel',0,0,0,0,0,0,1,0,0,0,0,0,0,0
fastapi,synthetic-fastapi-tests\test_skip_defaults.py-2,tests\test_skip_defaults.py,,1,changed type of field 'a' in model 'SubModel',0,0,0,0,0,0,1,0,0,0,0,0,0,0
fastapi,synthetic-fastapi-tests\test_sse.py-0,tests\test_sse.py,,1,deleted field 'name' from model 'Item',0,0,0,0,1,0,0,0,0,0,0,0,0,0
fastapi,synthetic-fastapi-tests\test_sse.py-1,tests\test_sse.py,,1,changed type of field 'name' in model 'Item',0,0,0,0,0,0,1,0,0,0,0,0,0,0
fastapi,synthetic-fastapi-tests\test_sse.py-2,tests\test_sse.py,,1,changed type of field 'description' in model 'Item',0,0,0,0,0,0,1,0,0,0,0,0,0,0
fastapi,synthetic-fastapi-tests\test_starlette_urlconvertors.py-0,tests\test_starlette_urlconvertors.py,,1,renamed route param 'param' in function 'query_convertor',0,0,0,0,0,0,0,0,0,0,0,2,0,0
fastapi,synthetic-fastapi-tests\test_starlette_urlconvertors.py-1,tests\test_starlette_urlconvertors.py,,1,renamed route param 'param' in function 'int_convertor',0,0,0,0,0,0,0,0,0,0,0,2,0,0
fastapi,synthetic-fastapi-tests\test_starlette_urlconvertors.py-2,tests\test_starlette_urlconvertors.py,,1,renamed route param 'param' in function 'query_convertor',0,0,0,0,0,0,0,0,0,0,0,2,0,0
fastapi,synthetic-fastapi-tests\test_stream_bare_type.py-0,tests\test_stream_bare_type.py,,1,changed type of field 'name' in model 'Item',0,0,0,0,0,0,1,0,0,0,0,0,0,0
fastapi,synthetic-fastapi-tests\test_stream_bare_type.py-1,tests\test_stream_bare_type.py,,1,changed type of field 'name' in model 'Item',0,0,0,0,0,0,1,0,0,0,0,0,0,0
fastapi,synthetic-fastapi-tests\test_stream_bare_type.py-2,tests\test_stream_bare_type.py,,1,changed type of field 'name' in model 'Item',0,0,0,0,0,0,1,0,0,0,0,0,0,0
fastapi,synthetic-fastapi-tests\test_stream_json_validation_error.py-0,tests\test_stream_json_validation_error.py,,1,changed type of field 'price' in model 'Item',0,0,0,0,0,0,1,0,0,0,0,0,0,0
fastapi,synthetic-fastapi-tests\test_stream_json_validation_error.py-1,tests\test_stream_json_validation_error.py,,1,changed type of field 'price' in model 'Item',0,0,0,0,0,0,1,0,0,0,0,0,0,0
fastapi,synthetic-fastapi-tests\test_stream_json_validation_error.py-2,tests\test_stream_json_validation_error.py,,1,deleted field 'name' from model 'Item',0,0,0,0,1,0,0,0,0,0,0,0,0,0
fastapi,synthetic-fastapi-tests\test_sub_callbacks.py-0,tests\test_sub_callbacks.py,,1,changed type of field 'paid' in model 'InvoiceEvent',0,0,0,0,0,0,1,0,0,0,0,0,0,0
fastapi,synthetic-fastapi-tests\test_sub_callbacks.py-1,tests\test_sub_callbacks.py,,1,renamed route param 'invoice' in function 'create_invoice',0,0,0,0,0,0,0,0,0,0,0,2,0,0
fastapi,synthetic-fastapi-tests\test_sub_callbacks.py-2,tests\test_sub_callbacks.py,,1,deleted field 'total' from model 'Event',0,0,0,0,1,0,0,0,0,0,0,0,0,0
fastapi,synthetic-fastapi-tests\test_tuples.py-0,tests\test_tuples.py,,1,renamed route param 'square' in function 'post_tuple_of_models',0,0,0,0,0,0,0,0,0,0,0,2,0,0
fastapi,synthetic-fastapi-tests\test_tuples.py-1,tests\test_tuples.py,,1,deleted field 'x' from model 'Coordinate',0,0,0,0,1,0,0,0,0,0,0,0,0,0
fastapi,synthetic-fastapi-tests\test_tuples.py-2,tests\test_tuples.py,,1,changed type of field 'items' in model 'ItemGroup',0,0,0,0,0,0,1,0,0,0,0,0,0,0
fastapi,synthetic-fastapi-tests\test_typing_python39.py-0,tests\test_typing_python39.py,,1,renamed route param 'input' in function 'post_endpoint',0,0,0,0,0,0,0,0,0,0,0,2,0,0
fastapi,synthetic-fastapi-tests\test_typing_python39.py-1,tests\test_typing_python39.py,,1,renamed route param 'input' in function 'post_endpoint',0,0,0,0,0,0,0,0,0,0,0,2,0,0
fastapi,synthetic-fastapi-tests\test_typing_python39.py-2,tests\test_typing_python39.py,,1,renamed route param 'input' in function 'post_endpoint',0,0,0,0,0,0,0,0,0,0,0,2,0,0
fastapi,synthetic-fastapi-tests\test_union_body.py-0,tests\test_union_body.py,,1,deleted field 'price' from model 'OtherItem',0,0,0,0,0,0,0,0,0,0,0,0,0,0
fastapi,synthetic-fastapi-tests\test_union_body.py-1,tests\test_union_body.py,,1,changed type of field 'name' in model 'Item',0,0,0,0,0,0,1,0,0,0,0,0,0,0
fastapi,synthetic-fastapi-tests\test_union_body.py-2,tests\test_union_body.py,,1,renamed route param 'item' in function 'save_union_body',0,0,0,0,0,0,0,0,0,0,0,2,0,0
fastapi,synthetic-fastapi-tests\test_union_body_discriminator.py-0,tests\test_union_body_discriminator.py,,1,renamed route param 'q' in function 'save_union_body_discriminator',0,0,0,0,0,0,0,0,0,0,0,2,0,0
fastapi,synthetic-fastapi-tests\test_union_body_discriminator.py-1,tests\test_union_body_discriminator.py,,1,renamed route param 'item' in function 'save_union_body_discriminator',0,0,0,0,0,0,0,0,0,0,0,2,0,0
fastapi,synthetic-fastapi-tests\test_union_body_discriminator.py-2,tests\test_union_body_discriminator.py,,1,changed type of field 'price' in model 'FirstItem',0,0,0,0,0,0,1,0,0,0,0,0,0,0
fastapi,synthetic-fastapi-tests\test_union_body_discriminator_annotated.py-0,tests\test_union_body_discriminator_annotated.py,,1,deleted field 'meows' from model 'Cat',0,0,0,0,1,0,0,0,0,0,0,0,0,0
fastapi,synthetic-fastapi-tests\test_union_body_discriminator_annotated.py-1,tests\test_union_body_discriminator_annotated.py,,1,changed type of field 'barks' in model 'Dog',0,0,0,0,0,0,1,0,0,0,0,0,0,0
fastapi,synthetic-fastapi-tests\test_union_body_discriminator_annotated.py-2,tests\test_union_body_discriminator_annotated.py,,1,deleted field 'pet_type' from model 'Cat',0,0,0,0,1,0,0,0,0,0,0,0,0,0
fastapi,synthetic-fastapi-tests\test_union_forms.py-0,tests\test_union_forms.py,,1,renamed route param 'data' in function 'post_union_form',0,0,0,0,0,0,0,0,0,0,0,2,0,0
fastapi,synthetic-fastapi-tests\test_union_forms.py-1,tests\test_union_forms.py,,1,deleted field 'name' from model 'UserForm',0,0,0,0,1,0,0,0,0,0,0,0,0,0
fastapi,synthetic-fastapi-tests\test_union_forms.py-2,tests\test_union_forms.py,,1,changed type of field 'name' in model 'UserForm',0,0,0,0,0,0,1,0,0,0,0,0,0,0
fastapi,synthetic-fastapi-tests\test_union_inherited_body.py-0,tests\test_union_inherited_body.py,,1,deleted field 'name' from model 'Item',0,0,0,0,0,0,0,0,0,0,0,0,0,0
fastapi,synthetic-fastapi-tests\test_union_inherited_body.py-1,tests\test_union_inherited_body.py,,1,renamed route param 'item' in function 'save_union_different_body',0,0,0,0,0,0,0,0,0,0,0,2,0,0
fastapi,synthetic-fastapi-tests\test_union_inherited_body.py-2,tests\test_union_inherited_body.py,,1,renamed route param 'item' in function 'save_union_different_body',0,0,0,0,0,0,0,0,0,0,0,2,0,0
fastapi,synthetic-fastapi-tests\test_validate_response.py-0,tests\test_validate_response.py,,1,deleted field 'name' from model 'Item',0,0,0,0,1,0,0,0,0,0,0,0,0,0
fastapi,synthetic-fastapi-tests\test_validate_response.py-1,tests\test_validate_response.py,,1,renamed route param 'send_none' in function 'get_valid_none',0,0,0,0,0,0,0,0,0,0,0,2,0,0
fastapi,synthetic-fastapi-tests\test_validate_response.py-2,tests\test_validate_response.py,,1,changed type of field 'owner_ids' in model 'Item',0,0,0,0,0,0,1,0,0,0,0,0,0,0
fastapi,synthetic-fastapi-tests\test_validation_error_context.py-0,tests\test_validation_error_context.py,,1,renamed route param 'user_id' in function 'get_user',0,0,0,0,0,0,0,0,0,0,0,2,0,0
fastapi,synthetic-fastapi-tests\test_validation_error_context.py-1,tests\test_validation_error_context.py,,1,renamed route param 'user_id' in function 'get_user',0,0,0,0,0,0,0,0,0,0,0,2,0,0
fastapi,synthetic-fastapi-tests\test_validation_error_context.py-2,tests\test_validation_error_context.py,,1,deleted field 'id' from model 'Item',0,0,0,0,1,0,0,0,0,0,0,0,0,0
fastapi,synthetic-fastapi-tests\test_webhooks_security.py-0,tests\test_webhooks_security.py,,1,changed type of field 'username' in model 'Subscription',0,0,0,0,0,0,1,0,0,0,0,0,0,0
fastapi,synthetic-fastapi-tests\test_webhooks_security.py-1,tests\test_webhooks_security.py,,1,changed type of field 'monthly_fee' in model 'Subscription',0,0,0,0,0,0,1,0,0,0,0,0,0,0
fastapi,synthetic-fastapi-tests\test_webhooks_security.py-2,tests\test_webhooks_security.py,,1,removed route param 'body' from function 'new_subscription',0,0,0,0,0,0,0,0,0,0,0,1,0,0
fastapi,synthetic-fastapi-tests\benchmarks\test_general_performance.py-0,tests\benchmarks\test_general_performance.py,,1,removed route param 'item' from function 'sync_validated',0,0,0,0,0,0,0,0,0,0,0,1,0,0
fastapi,synthetic-fastapi-tests\benchmarks\test_general_performance.py-1,tests\benchmarks\test_general_performance.py,,1,deleted field 'value' from model 'ItemOut',0,0,0,0,1,0,0,0,0,0,0,0,0,0
fastapi,synthetic-fastapi-tests\benchmarks\test_general_performance.py-2,tests\benchmarks\test_general_performance.py,,1,renamed route param 'dep' in function 'sync_model_no_response_model',0,0,0,0,0,0,0,0,0,0,0,0,0,0
fastapi,synthetic-fastapi-tests\test_modules_same_name_body\app\a.py-0,tests\test_modules_same_name_body\app\a.py,,1,removed route param 'b' from function 'compute',0,0,0,0,0,0,0,0,0,0,0,1,0,0
fastapi,synthetic-fastapi-tests\test_modules_same_name_body\app\a.py-1,tests\test_modules_same_name_body\app\a.py,,1,renamed route param 'b' in function 'compute',0,0,0,0,0,0,0,0,0,0,0,2,0,0
fastapi,synthetic-fastapi-tests\test_modules_same_name_body\app\a.py-2,tests\test_modules_same_name_body\app\a.py,,1,renamed route param 'a' in function 'compute',0,0,0,0,0,0,0,0,0,0,0,2,0,0
fastapi,synthetic-fastapi-tests\test_modules_same_name_body\app\b.py-0,tests\test_modules_same_name_body\app\b.py,,1,renamed route param 'b' in function 'compute',0,0,0,0,0,0,0,0,0,0,0,2,0,0
fastapi,synthetic-fastapi-tests\test_modules_same_name_body\app\b.py-1,tests\test_modules_same_name_body\app\b.py,,1,removed route param 'b' from function 'compute',0,0,0,0,0,0,0,0,0,0,0,1,0,0
fastapi,synthetic-fastapi-tests\test_modules_same_name_body\app\b.py-2,tests\test_modules_same_name_body\app\b.py,,1,renamed route param 'b' in function 'compute',0,0,0,0,0,0,0,0,0,0,0,2,0,0
fastapi,synthetic-fastapi-tests\test_request_params\test_body\test_list.py-0,tests\test_request_params\test_body\test_list.py,,1,renamed route param 'p' in function 'read_required_list_alias_and_validation_alias',0,0,0,0,0,0,0,0,0,0,0,2,0,0
fastapi,synthetic-fastapi-tests\test_request_params\test_body\test_list.py-1,tests\test_request_params\test_body\test_list.py,,1,changed type of field 'p' in model 'BodyModelRequiredListAlias',0,0,0,0,0,0,1,0,0,0,0,0,0,0
fastapi,synthetic-fastapi-tests\test_request_params\test_body\test_list.py-2,tests\test_request_params\test_body\test_list.py,,1,renamed route param 'p' in function 'read_required_list_validation_alias',0,0,0,0,0,0,0,0,0,0,0,2,0,0
fastapi,synthetic-fastapi-tests\test_request_params\test_body\test_optional_list.py-0,tests\test_request_params\test_body\test_optional_list.py,,1,renamed route param 'p' in function 'read_optional_list_alias_and_validation_alias',0,0,0,0,0,0,0,0,0,0,0,2,0,0
fastapi,synthetic-fastapi-tests\test_request_params\test_body\test_optional_list.py-1,tests\test_request_params\test_body\test_optional_list.py,,1,deleted field 'p' from model 'BodyModelOptionalListAlias',0,0,0,0,0,0,0,0,0,0,0,0,0,0
fastapi,synthetic-fastapi-tests\test_request_params\test_body\test_optional_list.py-2,tests\test_request_params\test_body\test_optional_list.py,,1,changed type of field 'p' in model 'BodyModelOptionalListAliasAndValidationAlias',0,0,0,0,0,0,1,0,0,0,0,0,0,0
fastapi,synthetic-fastapi-tests\test_request_params\test_body\test_optional_str.py-0,tests\test_request_params\test_body\test_optional_str.py,,1,renamed route param 'p' in function 'read_model_optional_validation_alias',0,0,0,0,0,0,0,0,0,0,0,2,0,0
fastapi,synthetic-fastapi-tests\test_request_params\test_body\test_optional_str.py-1,tests\test_request_params\test_body\test_optional_str.py,,1,renamed route param 'p' in function 'read_optional_validation_alias',0,0,0,0,0,0,0,0,0,0,0,2,0,0
fastapi,synthetic-fastapi-tests\test_request_params\test_body\test_optional_str.py-2,tests\test_request_params\test_body\test_optional_str.py,,1,changed type of field 'p' in model 'BodyModelOptionalValidationAlias',0,0,0,0,0,0,1,0,0,0,0,0,0,0
fastapi,synthetic-fastapi-tests\test_request_params\test_body\test_required_str.py-0,tests\test_request_params\test_body\test_required_str.py,,1,renamed route param 'p' in function 'read_required_validation_alias',0,0,0,0,0,0,0,0,0,0,0,2,0,0
fastapi,synthetic-fastapi-tests\test_request_params\test_body\test_required_str.py-1,tests\test_request_params\test_body\test_required_str.py,,1,renamed route param 'p' in function 'read_model_required_validation_alias',0,0,0,0,0,0,0,0,0,0,0,2,0,0
fastapi,synthetic-fastapi-tests\test_request_params\test_body\test_required_str.py-2,tests\test_request_params\test_body\test_required_str.py,,1,renamed route param 'p' in function 'read_required_alias_and_validation_alias',0,0,0,0,0,0,0,0,0,0,0,2,0,0
fastapi,synthetic-fastapi-tests\test_request_params\test_cookie\test_optional_str.py-0,tests\test_request_params\test_cookie\test_optional_str.py,,1,renamed route param 'p' in function 'read_model_optional_alias_and_validation_alias',0,0,0,0,0,0,0,0,0,0,0,2,0,0
fastapi,synthetic-fastapi-tests\test_request_params\test_cookie\test_optional_str.py-1,tests\test_request_params\test_cookie\test_optional_str.py,,1,deleted field 'p' from model 'CookieModelOptionalStr',0,0,0,0,0,0,0,0,0,0,0,0,0,0
fastapi,synthetic-fastapi-tests\test_request_params\test_cookie\test_optional_str.py-2,tests\test_request_params\test_cookie\test_optional_str.py,,1,changed type of field 'p' in model 'CookieModelOptionalStr',0,0,0,0,0,0,1,0,0,0,0,0,0,0
fastapi,synthetic-fastapi-tests\test_request_params\test_cookie\test_required_str.py-0,tests\test_request_params\test_cookie\test_required_str.py,,1,renamed route param 'p' in function 'read_model_required_alias_and_validation_alias',0,0,0,0,0,0,0,0,0,0,0,2,0,0
fastapi,synthetic-fastapi-tests\test_request_params\test_cookie\test_required_str.py-1,tests\test_request_params\test_cookie\test_required_str.py,,1,changed type of field 'p' in model 'CookieModelRequiredAlias',0,0,0,0,0,0,1,0,0,0,0,0,0,0
fastapi,synthetic-fastapi-tests\test_request_params\test_cookie\test_required_str.py-2,tests\test_request_params\test_cookie\test_required_str.py,,1,renamed route param 'p' in function 'read_model_required_alias_and_validation_alias',0,0,0,0,0,0,0,0,0,0,0,2,0,0
fastapi,synthetic-fastapi-tests\test_request_params\test_file\test_list.py-0,tests\test_request_params\test_file\test_list.py,,1,renamed route param 'p' in function 'read_list_uploadfile_validation_alias',0,0,0,0,0,0,0,0,0,0,0,2,0,0
fastapi,synthetic-fastapi-tests\test_request_params\test_file\test_list.py-1,tests\test_request_params\test_file\test_list.py,,1,renamed route param 'p' in function 'read_list_uploadfile_validation_alias',0,0,0,0,0,0,0,0,0,0,0,2,0,0
fastapi,synthetic-fastapi-tests\test_request_params\test_file\test_list.py-2,tests\test_request_params\test_file\test_list.py,,1,renamed route param 'p' in function 'read_list_uploadfile_validation_alias',0,0,0,0,0,0,0,0,0,0,0,2,0,0
fastapi,synthetic-fastapi-tests\test_request_params\test_file\test_optional_list.py-0,tests\test_request_params\test_file\test_optional_list.py,,1,renamed route param 'p' in function 'read_optional_list_bytes_validation_alias',0,0,0,0,0,0,0,0,0,0,0,2,0,0
fastapi,synthetic-fastapi-tests\test_request_params\test_file\test_optional_list.py-1,tests\test_request_params\test_file\test_optional_list.py,,1,renamed route param 'p' in function 'read_optional_list_bytes_alias_and_validation_alias',0,0,0,0,0,0,0,0,0,0,0,2,0,0
fastapi,synthetic-fastapi-tests\test_request_params\test_file\test_optional_list.py-2,tests\test_request_params\test_file\test_optional_list.py,,1,renamed route param 'p' in function 'read_optional_list_uploadfile_validation_alias',0,0,0,0,0,0,0,0,0,0,0,2,0,0
fastapi,synthetic-fastapi-tests\test_request_params\test_file\test_required.py-0,tests\test_request_params\test_file\test_required.py,,1,renamed route param 'p' in function 'read_required_bytes_alias_and_validation_alias',0,0,0,0,0,0,0,0,0,0,0,2,0,0
fastapi,synthetic-fastapi-tests\test_request_params\test_file\test_required.py-1,tests\test_request_params\test_file\test_required.py,,1,renamed route param 'p' in function 'read_required_uploadfile_alias_and_validation_alias',0,0,0,0,0,0,0,0,0,0,0,2,0,0
fastapi,synthetic-fastapi-tests\test_request_params\test_file\test_required.py-2,tests\test_request_params\test_file\test_required.py,,1,renamed route param 'p' in function 'read_required_uploadfile_alias_and_validation_alias',0,0,0,0,0,0,0,0,0,0,0,2,0,0
fastapi,synthetic-fastapi-tests\test_request_params\test_form\test_list.py-0,tests\test_request_params\test_form\test_list.py,,1,changed type of field 'p' in model 'FormModelRequiredListAlias',0,0,0,0,0,0,1,0,0,0,0,0,0,0
fastapi,synthetic-fastapi-tests\test_request_params\test_form\test_list.py-1,tests\test_request_params\test_form\test_list.py,,1,deleted field 'p' from model 'FormModelRequiredListAlias',0,0,0,0,0,0,0,0,0,0,0,0,0,0
fastapi,synthetic-fastapi-tests\test_request_params\test_form\test_list.py-2,tests\test_request_params\test_form\test_list.py,,1,changed type of field 'p' in model 'FormModelRequiredListAlias',0,0,0,0,0,0,1,0,0,0,0,0,0,0
fastapi,synthetic-fastapi-tests\test_request_params\test_form\test_optional_list.py-0,tests\test_request_params\test_form\test_optional_list.py,,1,changed type of field 'p' in model 'FormModelOptionalListStr',0,0,0,0,0,0,1,0,0,0,0,0,0,0
fastapi,synthetic-fastapi-tests\test_request_params\test_form\test_optional_list.py-1,tests\test_request_params\test_form\test_optional_list.py,,1,deleted field 'p' from model 'FormModelOptionalListAliasAndValidationAlias',0,0,0,0,0,0,0,0,0,0,0,0,0,0
fastapi,synthetic-fastapi-tests\test_request_params\test_form\test_optional_list.py-2,tests\test_request_params\test_form\test_optional_list.py,,1,deleted field 'p' from model 'FormModelOptionalListStr',0,0,0,0,0,0,0,0,0,0,0,0,0,0
fastapi,synthetic-fastapi-tests\test_request_params\test_form\test_optional_str.py-0,tests\test_request_params\test_form\test_optional_str.py,,1,deleted field 'p' from model 'FormModelOptionalStr',0,0,0,0,0,0,0,0,0,0,0,0,0,0
fastapi,synthetic-fastapi-tests\test_request_params\test_form\test_optional_str.py-1,tests\test_request_params\test_form\test_optional_str.py,,1,deleted field 'p' from model 'FormModelOptionalValidationAlias',0,0,0,0,0,0,0,0,0,0,0,0,0,0
fastapi,synthetic-fastapi-tests\test_request_params\test_form\test_optional_str.py-2,tests\test_request_params\test_form\test_optional_str.py,,1,changed type of field 'p' in model 'FormModelOptionalAlias',0,0,0,0,0,0,1,0,0,0,0,0,0,0
fastapi,synthetic-fastapi-tests\test_request_params\test_form\test_required_str.py-0,tests\test_request_params\test_form\test_required_str.py,,1,renamed route param 'p' in function 'read_model_required_alias_and_validation_alias',0,0,0,0,0,0,0,0,0,0,0,2,0,0
fastapi,synthetic-fastapi-tests\test_request_params\test_form\test_required_str.py-1,tests\test_request_params\test_form\test_required_str.py,,1,renamed route param 'p' in function 'read_model_required_validation_alias',0,0,0,0,0,0,0,0,0,0,0,2,0,0
fastapi,synthetic-fastapi-tests\test_request_params\test_form\test_required_str.py-2,tests\test_request_params\test_form\test_required_str.py,,1,deleted field 'p' from model 'FormModelRequiredStr',0,0,0,0,0,0,0,0,0,0,0,0,0,0
fastapi,synthetic-fastapi-tests\test_request_params\test_header\test_list.py-0,tests\test_request_params\test_header\test_list.py,,1,deleted field 'p' from model 'HeaderModelRequiredListStr',0,0,0,0,0,0,0,0,0,0,0,0,0,0
fastapi,synthetic-fastapi-tests\test_request_params\test_header\test_list.py-1,tests\test_request_params\test_header\test_list.py,,1,changed type of field 'p' in model 'HeaderModelRequiredListAlias',0,0,0,0,0,0,1,0,0,0,0,0,0,0
fastapi,synthetic-fastapi-tests\test_request_params\test_header\test_list.py-2,tests\test_request_params\test_header\test_list.py,,1,changed type of field 'p' in model 'HeaderModelRequiredListValidationAlias',0,0,0,0,0,0,1,0,0,0,0,0,0,0
fastapi,synthetic-fastapi-tests\test_request_params\test_header\test_optional_list.py-0,tests\test_request_params\test_header\test_optional_list.py,,1,renamed route param 'p' in function 'read_model_optional_list_validation_alias',0,0,0,0,0,0,0,0,0,0,0,2,0,0
fastapi,synthetic-fastapi-tests\test_request_params\test_header\test_optional_list.py-1,tests\test_request_params\test_header\test_optional_list.py,,1,changed type of field 'p' in model 'HeaderModelOptionalListAliasAndValidationAlias',0,0,0,0,0,0,1,0,0,0,0,0,0,0
fastapi,synthetic-fastapi-tests\test_request_params\test_header\test_optional_list.py-2,tests\test_request_params\test_header\test_optional_list.py,,1,changed type of field 'p' in model 'HeaderModelOptionalListStr',0,0,0,0,0,0,1,0,0,0,0,0,0,0
fastapi,synthetic-fastapi-tests\test_request_params\test_header\test_optional_str.py-0,tests\test_request_params\test_header\test_optional_str.py,,1,deleted field 'p' from model 'HeaderModelOptionalStr',0,0,0,0,0,0,0,0,0,0,0,0,0,0
fastapi,synthetic-fastapi-tests\test_request_params\test_header\test_optional_str.py-1,tests\test_request_params\test_header\test_optional_str.py,,1,changed type of field 'p' in model 'HeaderModelOptionalStr',0,0,0,0,0,0,1,0,0,0,0,0,0,0
fastapi,synthetic-fastapi-tests\test_request_params\test_header\test_optional_str.py-2,tests\test_request_params\test_header\test_optional_str.py,,1,deleted field 'p' from model 'HeaderModelOptionalValidationAlias',0,0,0,0,0,0,0,0,0,0,0,0,0,0
fastapi,synthetic-fastapi-tests\test_request_params\test_header\test_required_str.py-0,tests\test_request_params\test_header\test_required_str.py,,1,renamed route param 'p' in function 'read_required_alias_and_validation_alias',0,0,0,0,0,0,0,0,0,0,0,2,0,0
fastapi,synthetic-fastapi-tests\test_request_params\test_header\test_required_str.py-1,tests\test_request_params\test_header\test_required_str.py,,1,deleted field 'p' from model 'HeaderModelRequiredStr',0,0,0,0,0,0,0,0,0,0,0,0,0,0
fastapi,synthetic-fastapi-tests\test_request_params\test_header\test_required_str.py-2,tests\test_request_params\test_header\test_required_str.py,,1,deleted field 'p' from model 'HeaderModelRequiredValidationAlias',0,0,0,0,0,0,0,0,0,0,0,0,0,0
fastapi,synthetic-fastapi-tests\test_request_params\test_path\test_required_str.py-0,tests\test_request_params\test_path\test_required_str.py,,1,renamed route param 'p' in function 'read_required_alias_and_validation_alias',0,0,0,0,0,0,0,0,0,0,0,2,0,0
fastapi,synthetic-fastapi-tests\test_request_params\test_path\test_required_str.py-1,tests\test_request_params\test_path\test_required_str.py,,1,renamed route param 'p' in function 'read_required_alias_and_validation_alias',0,0,0,0,0,0,0,0,0,0,0,2,0,0
fastapi,synthetic-fastapi-tests\test_request_params\test_path\test_required_str.py-2,tests\test_request_params\test_path\test_required_str.py,,1,renamed route param 'p' in function 'read_required_validation_alias',0,0,0,0,0,0,0,0,0,0,0,2,0,0
fastapi,synthetic-fastapi-tests\test_request_params\test_query\test_list.py-0,tests\test_request_params\test_query\test_list.py,,1,renamed route param 'p' in function 'read_required_list_validation_alias',0,0,0,0,0,0,0,0,0,0,0,2,0,0
fastapi,synthetic-fastapi-tests\test_request_params\test_query\test_list.py-1,tests\test_request_params\test_query\test_list.py,,1,renamed route param 'p' in function 'read_model_required_list_alias_and_validation_alias',0,0,0,0,0,0,0,0,0,0,0,2,0,0
fastapi,synthetic-fastapi-tests\test_request_params\test_query\test_list.py-2,tests\test_request_params\test_query\test_list.py,,1,changed type of field 'p' in model 'QueryModelRequiredListStr',0,0,0,0,0,0,1,0,0,0,0,0,0,0
fastapi,synthetic-fastapi-tests\test_request_params\test_query\test_optional_list.py-0,tests\test_request_params\test_query\test_optional_list.py,,1,deleted field 'p' from model 'QueryModelOptionalListAlias',0,0,0,0,0,0,0,0,0,0,0,0,0,0
fastapi,synthetic-fastapi-tests\test_request_params\test_query\test_optional_list.py-1,tests\test_request_params\test_query\test_optional_list.py,,1,changed type of field 'p' in model 'QueryModelOptionalListAliasAndValidationAlias',0,0,0,0,0,0,1,0,0,0,0,0,0,0
fastapi,synthetic-fastapi-tests\test_request_params\test_query\test_optional_list.py-2,tests\test_request_params\test_query\test_optional_list.py,,1,deleted field 'p' from model 'QueryModelOptionalListAlias',0,0,0,0,0,0,0,0,0,0,0,0,0,0
fastapi,synthetic-fastapi-tests\test_request_params\test_query\test_optional_str.py-0,tests\test_request_params\test_query\test_optional_str.py,,1,deleted field 'p' from model 'QueryModelOptionalAliasAndValidationAlias',0,0,0,0,0,0,0,0,0,0,0,0,0,0
fastapi,synthetic-fastapi-tests\test_request_params\test_query\test_optional_str.py-1,tests\test_request_params\test_query\test_optional_str.py,,1,deleted field 'p' from model 'QueryModelOptionalStr',0,0,0,0,0,0,0,0,0,0,0,0,0,0
fastapi,synthetic-fastapi-tests\test_request_params\test_query\test_optional_str.py-2,tests\test_request_params\test_query\test_optional_str.py,,1,renamed route param 'p' in function 'read_optional_validation_alias',0,0,0,0,0,0,0,0,0,0,0,2,0,0
fastapi,synthetic-fastapi-tests\test_request_params\test_query\test_required_str.py-0,tests\test_request_params\test_query\test_required_str.py,,1,renamed route param 'p' in function 'read_required_validation_alias',0,0,0,0,0,0,0,0,0,0,0,2,0,0
fastapi,synthetic-fastapi-tests\test_request_params\test_query\test_required_str.py-1,tests\test_request_params\test_query\test_required_str.py,,1,changed type of field 'p' in model 'QueryModelRequiredAliasAndValidationAlias',0,0,0,0,0,0,1,0,0,0,0,0,0,0
fastapi,synthetic-fastapi-tests\test_request_params\test_query\test_required_str.py-2,tests\test_request_params\test_query\test_required_str.py,,1,changed type of field 'p' in model 'QueryModelRequiredStr',0,0,0,0,0,0,1,0,0,0,0,0,0,0
fastapi,synthetic-fastapi-tests\test_tutorial\test_dependencies\test_tutorial008.py-0,tests\test_tutorial\test_dependencies\test_tutorial008.py,,1,renamed route param 'c' in function 'read_root',0,0,0,0,0,0,0,0,0,0,0,0,0,0
fastapi,synthetic-fastapi-tests\test_tutorial\test_dependencies\test_tutorial008.py-1,tests\test_tutorial\test_dependencies\test_tutorial008.py,,1,renamed route param 'c' in function 'read_root',0,0,0,0,0,0,0,0,0,0,0,0,0,0
fastapi,synthetic-fastapi-tests\test_tutorial\test_dependencies\test_tutorial010.py-0,tests\test_tutorial\test_dependencies\test_tutorial010.py,,1,renamed route param 'c' in function 'read_root',0,0,0,0,0,0,0,0,0,0,0,0,0,0
fastapi,synthetic-fastapi-tests\test_validate_response_recursive\app.py-0,tests\test_validate_response_recursive\app.py,,1,deleted field 'name' from model 'RecursiveItem',0,0,0,0,1,0,0,0,0,0,0,0,0,0
fastapi,synthetic-fastapi-tests\test_validate_response_recursive\app.py-1,tests\test_validate_response_recursive\app.py,,1,changed type of field 'name' in model 'RecursiveItemViaSubmodel',0,0,0,0,0,0,1,0,0,0,0,0,0,0
fastapi,synthetic-fastapi-tests\test_validate_response_recursive\app.py-2,tests\test_validate_response_recursive\app.py,,1,deleted field 'name' from model 'RecursiveItem',0,0,0,0,1,0,0,0,0,0,0,0,0,0
fastapi-cache,synthetic-fastapi-cache-examples\in_memory\main.py-0,examples\in_memory\main.py,,1,renamed route param '__fastapi_cache_response' in function 'namespaced_injection',0,0,0,0,0,0,0,0,0,0,0,2,0,0
fastapi-cache,synthetic-fastapi-cache-examples\in_memory\main.py-1,examples\in_memory\main.py,,1,removed route param '__fastapi_cache_request' from function 'namespaced_injection',0,0,0,0,0,0,0,0,0,0,0,1,0,0
fastapi-cache,synthetic-fastapi-cache-examples\in_memory\main.py-2,examples\in_memory\main.py,,1,changed type of field 'price' in model 'Item',0,0,0,0,0,0,1,0,0,0,0,0,0,0
fastapi-cache,synthetic-fastapi-cache-tests\test_codecs.py-0,tests\test_codecs.py,,1,deleted field 'price' from model 'PDItem',0,0,0,0,1,0,0,0,0,0,0,0,0,0
fastapi-cache,synthetic-fastapi-cache-tests\test_codecs.py-1,tests\test_codecs.py,,1,changed type of field 'name' in model 'PDItem',0,0,0,0,0,0,1,0,0,0,0,0,0,0
fastapi-cache,synthetic-fastapi-cache-tests\test_codecs.py-2,tests\test_codecs.py,,1,changed type of field 'name' in model 'PDItem',0,0,0,0,0,0,1,0,0,0,0,0,0,0
fastapi-utils,synthetic-fastapi-utils-docs\src\class_based_views2.py-0,docs\src\class_based_views2.py,,1,removed route param 'item' from function 'update_item',0,0,0,0,0,0,0,0,0,0,0,1,0,0
fastapi-utils,synthetic-fastapi-utils-docs\src\class_based_views2.py-1,docs\src\class_based_views2.py,,1,renamed route param 'item' in function 'create_item',0,0,0,0,0,0,0,0,0,0,0,2,0,0
fastapi-utils,synthetic-fastapi-utils-docs\src\class_based_views2.py-2,docs\src\class_based_views2.py,,1,removed route param 'item_id' from function 'update_item',0,0,0,0,0,0,0,0,0,0,0,1,0,0
fastapi-utils,synthetic-fastapi-utils-docs\src\class_resource_view4.py-0,docs\src\class_resource_view4.py,,1,deleted field 'ID' from model 'ResourceModel',0,0,0,0,1,0,0,0,0,0,0,0,0,0
fastapi-utils,synthetic-fastapi-utils-docs\src\class_resource_view4.py-1,docs\src\class_resource_view4.py,,1,changed type of field 'ID' in model 'ResourceModel',0,0,0,0,0,0,1,0,0,0,0,0,0,0
fastapi-utils,synthetic-fastapi-utils-docs\src\class_resource_view4.py-2,docs\src\class_resource_view4.py,,1,changed type of field 'answer' in model 'ResponseModel',0,0,0,0,0,0,1,0,0,0,0,0,0,0
fastapi-utils,synthetic-fastapi-utils-docs\src\inferring_router1.py-0,docs\src\inferring_router1.py,,1,renamed route param 'resource_id' in function 'get_resource',0,0,0,0,0,0,0,0,0,0,0,2,0,0
fastapi-utils,synthetic-fastapi-utils-docs\src\inferring_router1.py-1,docs\src\inferring_router1.py,,1,renamed route param 'resource_id' in function 'get_resource',0,0,0,0,0,0,0,0,0,0,0,2,0,0
fastapi-utils,synthetic-fastapi-utils-docs\src\inferring_router1.py-2,docs\src\inferring_router1.py,,1,renamed route param 'resource_id' in function 'get_resource',0,0,0,0,0,0,0,0,0,0,0,2,0,0
fastapi-utils,synthetic-fastapi-utils-docs\src\openapi1.py-0,docs\src\openapi1.py,,1,renamed route param 'resource_id' in function 'get_resource',0,0,0,0,0,0,0,0,0,0,0,2,0,0
fastapi-utils,synthetic-fastapi-utils-docs\src\openapi1.py-1,docs\src\openapi1.py,,1,renamed route param 'resource_id' in function 'get_resource',0,0,0,0,0,0,0,0,0,0,0,2,0,0
fastapi-utils,synthetic-fastapi-utils-docs\src\openapi1.py-2,docs\src\openapi1.py,,1,renamed route param 'resource_id' in function 'get_resource',0,0,0,0,0,0,0,0,0,0,0,2,0,0
fastapi-utils,synthetic-fastapi-utils-docs\src\openapi2.py-0,docs\src\openapi2.py,,1,renamed route param 'resource_id' in function 'get_resource',0,0,0,0,0,0,0,0,0,0,0,2,0,0
fastapi-utils,synthetic-fastapi-utils-docs\src\openapi2.py-1,docs\src\openapi2.py,,1,renamed route param 'resource_id' in function 'get_resource',0,0,0,0,0,0,0,0,0,0,0,2,0,0
fastapi-utils,synthetic-fastapi-utils-docs\src\openapi2.py-2,docs\src\openapi2.py,,1,renamed route param 'resource_id' in function 'get_resource',0,0,0,0,0,0,0,0,0,0,0,2,0,0
fastapi-utils,synthetic-fastapi-utils-docs\src\session1.py-0,docs\src\session1.py,,1,renamed route param 'db' in function 'get_user_name',0,0,0,0,0,0,0,0,0,0,0,0,0,0
fastapi-utils,synthetic-fastapi-utils-docs\src\session1.py-1,docs\src\session1.py,,1,renamed route param 'db' in function 'get_user_name',0,0,0,0,0,0,0,0,0,0,0,0,0,0
fastapi-utils,synthetic-fastapi-utils-docs\src\session1.py-2,docs\src\session1.py,,1,renamed route param 'db' in function 'get_user_name',0,0,0,0,0,0,0,0,0,0,0,0,0,0
fastapi-utils,synthetic-fastapi-utils-tests\conftest.py-0,tests\conftest.py,,1,renamed route param 'db' in function 'get_user_name',0,0,0,0,0,0,0,0,0,0,0,0,0,0
fastapi-utils,synthetic-fastapi-utils-tests\conftest.py-1,tests\conftest.py,,1,renamed route param 'db' in function 'get_user_name',0,0,0,0,0,0,0,0,0,0,0,0,0,0
fastapi-utils,synthetic-fastapi-utils-tests\conftest.py-2,tests\conftest.py,,1,renamed route param 'db' in function 'get_user_name',0,0,0,0,0,0,0,0,0,0,0,0,0,0
fastapi-utils,synthetic-fastapi-utils-tests\test_cbv.py-0,tests\test_cbv.py,,1,renamed route param 'param' in function 'root',0,0,0,0,0,0,0,0,0,0,0,2,0,0
fastapi-utils,synthetic-fastapi-utils-tests\test_cbv.py-1,tests\test_cbv.py,,1,renamed route param 'request' in function 'example',0,0,0,0,0,0,0,0,0,0,0,0,0,0
fastapi-utils,synthetic-fastapi-utils-tests\test_cbv.py-2,tests\test_cbv.py,,1,renamed route param 'custom_path' in function 'root',0,0,0,0,0,0,0,0,0,0,0,6,0,0
fastapi-utils,synthetic-fastapi-utils-tests\test_timing.py-0,tests\test_timing.py,,1,renamed route param 'request' in function 'get_with_intermediate_timing',0,0,0,0,0,0,0,0,0,0,0,0,0,0
fastapi-utils,synthetic-fastapi-utils-tests\test_timing.py-1,tests\test_timing.py,,1,renamed route param 'request' in function 'get_with_intermediate_timing',0,0,0,0,0,0,0,0,0,0,0,0,0,0
full-stack-fastapi-template,synthetic-full-stack-fastapi-template-backend\app\api\routes\items.py-0,backend\app\api\routes\items.py,,1,removed route param 'skip' from function 'read_items',0,0,0,0,0,0,0,0,0,0,0,1,0,0
full-stack-fastapi-template,synthetic-full-stack-fastapi-template-backend\app\api\routes\items.py-1,backend\app\api\routes\items.py,,1,renamed route param 'current_user' in function 'read_item',0,0,0,0,0,0,0,0,0,0,0,2,0,0
full-stack-fastapi-template,synthetic-full-stack-fastapi-template-backend\app\api\routes\items.py-2,backend\app\api\routes\items.py,,1,renamed route param 'limit' in function 'read_items',0,0,0,0,0,0,0,0,0,0,0,2,0,0
full-stack-fastapi-template,synthetic-full-stack-fastapi-template-backend\app\api\routes\login.py-0,backend\app\api\routes\login.py,,1,renamed route param 'session' in function 'reset_password',0,0,0,0,0,0,0,0,0,0,0,2,0,0
full-stack-fastapi-template,synthetic-full-stack-fastapi-template-backend\app\api\routes\login.py-1,backend\app\api\routes\login.py,,1,renamed route param 'session' in function 'reset_password',0,0,0,0,0,0,0,0,0,0,0,2,0,0
full-stack-fastapi-template,synthetic-full-stack-fastapi-template-backend\app\api\routes\login.py-2,backend\app\api\routes\login.py,,1,removed route param 'body' from function 'reset_password',0,0,0,0,0,0,0,0,0,0,0,1,0,0
full-stack-fastapi-template,synthetic-full-stack-fastapi-template-backend\app\api\routes\private.py-0,backend\app\api\routes\private.py,,1,deleted field 'is_verified' from model 'PrivateUserCreate',0,0,0,0,1,0,0,0,0,0,0,0,0,0
full-stack-fastapi-template,synthetic-full-stack-fastapi-template-backend\app\api\routes\private.py-1,backend\app\api\routes\private.py,,1,removed route param 'session' from function 'create_user',0,0,0,0,0,0,0,0,0,0,0,1,0,0
full-stack-fastapi-template,synthetic-full-stack-fastapi-template-backend\app\api\routes\private.py-2,backend\app\api\routes\private.py,,1,changed type of field 'email' in model 'PrivateUserCreate',0,0,0,0,0,0,1,0,0,0,0,0,0,0
full-stack-fastapi-template,synthetic-full-stack-fastapi-template-backend\app\api\routes\users.py-0,backend\app\api\routes\users.py,,1,removed route param 'session' from function 'read_users',0,0,0,0,0,0,0,0,0,0,0,1,0,0
full-stack-fastapi-template,synthetic-full-stack-fastapi-template-backend\app\api\routes\users.py-1,backend\app\api\routes\users.py,,1,removed route param 'limit' from function 'read_users',0,0,0,0,0,0,0,0,0,0,0,1,0,0
full-stack-fastapi-template,synthetic-full-stack-fastapi-template-backend\app\api\routes\users.py-2,backend\app\api\routes\users.py,,1,removed route param 'session' from function 'register_user',0,0,0,0,0,0,0,0,0,0,0,1,0,0
full-stack-fastapi-template,synthetic-full-stack-fastapi-template-backend\app\api\routes\utils.py-0,backend\app\api\routes\utils.py,,1,renamed route param 'email_to' in function 'test_email',0,0,0,0,0,0,0,0,0,0,0,2,0,0
full-stack-fastapi-template,synthetic-full-stack-fastapi-template-backend\app\api\routes\utils.py-1,backend\app\api\routes\utils.py,,1,renamed route param 'email_to' in function 'test_email',0,0,0,0,0,0,0,0,0,0,0,2,0,0
full-stack-fastapi-template,synthetic-full-stack-fastapi-template-backend\app\api\routes\utils.py-2,backend\app\api\routes\utils.py,,1,renamed route param 'email_to' in function 'test_email',0,0,0,0,0,0,0,0,0,0,0,2,0,0
pydantic,synthetic-pydantic-.github\actions\people\people.py-0,.github\actions\people\people.py,,1,deleted field 'name' from model 'LabelNode',0,0,0,0,1,0,0,0,0,0,0,0,0,0
pydantic,synthetic-pydantic-.github\actions\people\people.py-1,.github\actions\people\people.py,,1,deleted field 'pullRequests' from model 'PRsRepository',0,0,0,0,1,0,0,0,0,0,0,0,0,0
pydantic,synthetic-pydantic-.github\actions\people\people.py-2,.github\actions\people\people.py,,1,deleted field 'issues' from model 'IssuesRepository',0,0,0,0,1,0,0,0,0,0,0,0,0,0
pydantic,synthetic-pydantic-pydantic\root_model.py-0,pydantic\root_model.py,,1,deleted field 'root' from model 'RootModel',0,0,0,0,1,0,0,0,0,0,0,0,0,0
pydantic,synthetic-pydantic-pydantic\root_model.py-1,pydantic\root_model.py,,1,deleted field 'root' from model 'RootModel',0,0,0,0,1,0,0,0,0,0,0,0,0,0
pydantic,synthetic-pydantic-pydantic\root_model.py-2,pydantic\root_model.py,,1,changed type of field 'root' in model 'RootModel',0,0,0,0,0,0,1,0,0,0,0,0,0,0
pydantic,synthetic-pydantic-pydantic\v1\env_settings.py-0,pydantic\v1\env_settings.py,,1,changed type of field '__config__' in model 'BaseSettings',0,0,0,0,0,0,1,0,0,0,0,0,0,0
pydantic,synthetic-pydantic-pydantic\v1\env_settings.py-1,pydantic\v1\env_settings.py,,1,deleted field '__config__' from model 'BaseSettings',0,0,0,0,1,0,0,0,0,0,0,0,0,0
pydantic,synthetic-pydantic-pydantic\v1\env_settings.py-2,pydantic\v1\env_settings.py,,1,deleted field '__config__' from model 'BaseSettings',0,0,0,0,1,0,0,0,0,0,0,0,0,0
pydantic,synthetic-pydantic-pydantic\v1\generics.py-0,pydantic\v1\generics.py,,1,deleted field '__concrete__' from model 'GenericModel',0,0,0,0,1,0,0,0,0,0,0,0,0,0
pydantic,synthetic-pydantic-pydantic\v1\generics.py-1,pydantic\v1\generics.py,,1,changed type of field '__concrete__' in model 'GenericModel',0,0,0,0,0,0,1,0,0,0,0,0,0,0
pydantic,synthetic-pydantic-pydantic\v1\generics.py-2,pydantic\v1\generics.py,,1,changed type of field '__concrete__' in model 'GenericModel',0,0,0,0,0,0,1,0,0,0,0,0,0,0
pydantic,synthetic-pydantic-pydantic-core\tests\serializers\test_model_root.py-0,pydantic-core\tests\serializers\test_model_root.py,,1,changed type of field 'value' in model 'BModel',0,0,0,0,0,0,1,0,0,0,0,0,0,0
pydantic,synthetic-pydantic-pydantic-core\tests\serializers\test_model_root.py-1,pydantic-core\tests\serializers\test_model_root.py,,1,deleted field 'value' from model 'BModel',0,0,0,0,0,0,0,0,0,0,0,0,0,0
pydantic,synthetic-pydantic-pydantic-core\tests\serializers\test_model_root.py-2,pydantic-core\tests\serializers\test_model_root.py,,1,deleted field 'value' from model 'BModel',0,0,0,0,0,0,0,0,0,0,0,0,0,0
pydantic,synthetic-pydantic-pydantic-core\tests\serializers\test_union.py-0,pydantic-core\tests\serializers\test_union.py,,1,changed type of field 'price' in model 'Item',0,0,0,0,0,0,1,0,0,0,0,0,0,0
pydantic,synthetic-pydantic-pydantic-core\tests\serializers\test_union.py-1,pydantic-core\tests\serializers\test_union.py,,1,changed type of field 'name' in model 'User',0,0,0,0,0,0,0,0,0,0,0,0,0,0
pydantic,synthetic-pydantic-pydantic-core\tests\serializers\test_union.py-2,pydantic-core\tests\serializers\test_union.py,,1,deleted field 'name' from model 'User',0,0,0,0,0,0,0,0,0,0,0,0,0,0
pydantic,synthetic-pydantic-tests\test_abc.py-0,tests\test_abc.py,,1,changed type of field 'some_field' in model 'Model',0,0,0,0,0,0,1,0,0,0,0,0,0,0
pydantic,synthetic-pydantic-tests\test_abc.py-1,tests\test_abc.py,,1,changed type of field 'some_field' in model 'Model',0,0,0,0,0,0,0,0,0,0,0,0,0,0
pydantic,synthetic-pydantic-tests\test_abc.py-2,tests\test_abc.py,,1,changed type of field 'some_field' in model 'Model',0,0,0,0,0,0,0,0,0,0,0,0,0,0
pydantic,synthetic-pydantic-tests\test_aliases.py-0,tests\test_aliases.py,,1,changed type of field 'a' in model 'Foo',0,0,0,0,0,0,1,0,0,0,0,0,0,0
pydantic,synthetic-pydantic-tests\test_aliases.py-1,tests\test_aliases.py,,1,deleted field 'x' from model 'Parent',0,0,0,0,0,0,0,0,0,0,0,0,0,0
pydantic,synthetic-pydantic-tests\test_aliases.py-2,tests\test_aliases.py,,1,changed type of field 'a' in model 'Foo',0,0,0,0,0,0,0,0,0,0,0,0,0,0
pydantic,synthetic-pydantic-tests\test_annotated.py-0,tests\test_annotated.py,,1,deleted field 'one' from model 'Model',0,0,0,0,0,0,0,0,0,0,0,0,0,0
pydantic,synthetic-pydantic-tests\test_annotated.py-1,tests\test_annotated.py,,1,deleted field 'x' from model 'M',0,0,0,0,0,0,0,0,0,0,0,0,0,0
pydantic,synthetic-pydantic-tests\test_annotated.py-2,tests\test_annotated.py,,1,changed type of field 'x' in model 'M',0,0,0,0,0,0,0,0,0,0,0,0,0,0
pydantic,synthetic-pydantic-tests\test_assert_in_validators.py-0,tests\test_assert_in_validators.py,,1,changed type of field 'a' in model 'Model',0,0,0,0,0,0,1,0,0,0,0,0,0,0
pydantic,synthetic-pydantic-tests\test_assert_in_validators.py-1,tests\test_assert_in_validators.py,,1,changed type of field 'a' in model 'Model',0,0,0,0,0,0,1,0,0,0,0,0,0,0
pydantic,synthetic-pydantic-tests\test_assert_in_validators.py-2,tests\test_assert_in_validators.py,,1,deleted field 'a' from model 'Model',0,0,0,0,1,0,0,0,0,0,0,0,0,0
pydantic,synthetic-pydantic-tests\test_callable.py-0,tests\test_callable.py,,1,deleted field 'callback' from model 'Model',0,0,0,0,0,0,0,0,0,0,0,0,0,0
pydantic,synthetic-pydantic-tests\test_callable.py-1,tests\test_callable.py,,1,changed type of field 'callback' in model 'Model',0,0,0,0,0,0,1,0,0,0,0,0,0,0
pydantic,synthetic-pydantic-tests\test_callable.py-2,tests\test_callable.py,,1,changed type of field 'callback' in model 'Model',0,0,0,0,0,0,0,0,0,0,0,0,0,0
pydantic,synthetic-pydantic-tests\test_color.py-0,tests\test_color.py,,1,deleted field 'color' from model 'Model',0,0,0,0,0,0,0,0,0,0,0,0,0,0
pydantic,synthetic-pydantic-tests\test_color.py-1,tests\test_color.py,,1,changed type of field 'color' in model 'Model',0,0,0,0,0,0,1,0,0,0,0,0,0,0
pydantic,synthetic-pydantic-tests\test_color.py-2,tests\test_color.py,,1,changed type of field 'color' in model 'Model',0,0,0,0,0,0,1,0,0,0,0,0,0,0
pydantic,synthetic-pydantic-tests\test_computed_fields.py-0,tests\test_computed_fields.py,,1,deleted field 'length' from model 'Rectangle',0,0,0,0,1,0,0,0,0,0,0,0,0,0
pydantic,synthetic-pydantic-tests\test_computed_fields.py-1,tests\test_computed_fields.py,,1,deleted field 'bar' from model 'Model',0,0,0,0,0,0,0,0,0,0,0,0,0,0
pydantic,synthetic-pydantic-tests\test_computed_fields.py-2,tests\test_computed_fields.py,,1,changed type of field 'x' in model 'Base',0,0,0,0,0,0,1,0,0,0,0,0,0,0
pydantic,synthetic-pydantic-tests\test_config.py-0,tests\test_config.py,,1,deleted field 'model_config' from model 'MyModel',0,0,0,0,0,0,0,0,0,0,0,0,0,0
pydantic,synthetic-pydantic-tests\test_config.py-1,tests\test_config.py,,1,changed type of field 'model_config' in model 'MyModel',0,0,0,0,0,0,0,0,0,0,0,0,0,0
pydantic,synthetic-pydantic-tests\test_config.py-2,tests\test_config.py,,1,deleted field 'value' from model 'Model',0,0,0,0,0,0,0,0,0,0,0,0,0,0
pydantic,synthetic-pydantic-tests\test_construction.py-0,tests\test_construction.py,,1,changed type of field 'a' in model 'SubSubModel',0,0,0,0,0,0,1,0,0,0,0,0,0,0
pydantic,synthetic-pydantic-tests\test_construction.py-1,tests\test_construction.py,,1,changed type of field 'c' in model 'SubModel',0,0,0,0,0,0,0,0,0,0,0,0,0,0
pydantic,synthetic-pydantic-tests\test_construction.py-2,tests\test_construction.py,,1,changed type of field 'a' in model 'SubModel',0,0,0,0,0,0,1,0,0,0,0,0,0,0
pydantic,synthetic-pydantic-tests\test_create_model.py-0,tests\test_create_model.py,,1,changed type of field 'y' in model 'A',0,0,0,0,0,0,1,0,0,0,0,0,0,0
pydantic,synthetic-pydantic-tests\test_create_model.py-1,tests\test_create_model.py,,1,deleted field 'z' from model 'A',0,0,0,0,1,0,0,0,0,0,0,0,0,0
pydantic,synthetic-pydantic-tests\test_create_model.py-2,tests\test_create_model.py,,1,changed type of field 'y' in model 'BarModel',0,0,0,0,0,0,0,0,0,0,0,0,0,0
pydantic,synthetic-pydantic-tests\test_dataclasses.py-0,tests\test_dataclasses.py,,1,deleted field 'required_callable' from model 'PydanticModel',0,0,0,0,1,0,0,0,0,0,0,0,0,0
pydantic,synthetic-pydantic-tests\test_dataclasses.py-1,tests\test_dataclasses.py,,1,changed type of field 'user' in model 'Users',0,0,0,0,0,0,1,0,0,0,0,0,0,0
pydantic,synthetic-pydantic-tests\test_dataclasses.py-2,tests\test_dataclasses.py,,1,changed type of field 'set_wrapper' in model 'Model',0,0,0,0,0,0,0,0,0,0,0,0,0,0
pydantic,synthetic-pydantic-tests\test_datetime.py-0,tests\test_datetime.py,,1,changed type of field 'd' in model 'TimeModel',0,0,0,0,0,0,1,0,0,0,0,0,0,0
pydantic,synthetic-pydantic-tests\test_datetime.py-1,tests\test_datetime.py,,1,changed type of field 'foo' in model 'Model',0,0,0,0,0,0,0,0,0,0,0,0,0,0
pydantic,synthetic-pydantic-tests\test_datetime.py-2,tests\test_datetime.py,,1,deleted field 'value' from model 'Model',0,0,0,0,0,0,0,0,0,0,0,0,0,0
pydantic,synthetic-pydantic-tests\test_deferred_annotations.py-0,tests\test_deferred_annotations.py,,1,deleted field 'a' from model 'Model',0,0,0,0,0,0,0,0,0,0,0,0,0,0
pydantic,synthetic-pydantic-tests\test_deferred_annotations.py-1,tests\test_deferred_annotations.py,,1,changed type of field 'a' in model 'Model',0,0,0,0,0,0,0,0,0,0,0,0,0,0
pydantic,synthetic-pydantic-tests\test_deferred_annotations.py-2,tests\test_deferred_annotations.py,,1,changed type of field 'ann' in model 'Model',0,0,0,0,0,0,1,0,0,0,0,0,0,0
pydantic,synthetic-pydantic-tests\test_deprecated.py-0,tests\test_deprecated.py,,1,changed type of field 'x' in model 'Model',0,0,0,0,0,0,0,0,0,0,0,0,0,0
pydantic,synthetic-pydantic-tests\test_deprecated.py-1,tests\test_deprecated.py,,1,deleted field 'y' from model 'Model',0,0,0,0,0,0,0,0,0,0,0,0,0,0
pydantic,synthetic-pydantic-tests\test_deprecated.py-2,tests\test_deprecated.py,,1,changed type of field 'foo' in model 'ModelInvalid',0,0,0,0,0,0,1,0,0,0,0,0,0,0
pydantic,synthetic-pydantic-tests\test_deprecated_fields.py-0,tests\test_deprecated_fields.py,,1,changed type of field 'a' in model 'Model',0,0,0,0,0,0,0,0,0,0,0,0,0,0
pydantic,synthetic-pydantic-tests\test_deprecated_fields.py-1,tests\test_deprecated_fields.py,,1,deleted field 'x' from model 'Model',0,0,0,0,0,0,0,0,0,0,0,0,0,0
pydantic,synthetic-pydantic-tests\test_deprecated_fields.py-2,tests\test_deprecated_fields.py,,1,deleted field 'a' from model 'Model',0,0,0,0,0,0,0,0,0,0,0,0,0,0
pydantic,synthetic-pydantic-tests\test_docs_extraction.py-0,tests\test_docs_extraction.py,,1,changed type of field 'foo' in model 'MyModel',0,0,0,0,0,0,0,0,0,0,0,0,0,0
pydantic,synthetic-pydantic-tests\test_docs_extraction.py-1,tests\test_docs_extraction.py,,1,deleted field 'b' from model 'MyModel',0,0,0,0,1,0,0,0,0,0,0,0,0,0
pydantic,synthetic-pydantic-tests\test_docs_extraction.py-2,tests\test_docs_extraction.py,,1,changed type of field 'a' in model 'MyModel',0,0,0,0,0,0,0,0,0,0,0,0,0,0
pydantic,synthetic-pydantic-tests\test_edge_cases.py-0,tests\test_edge_cases.py,,1,deleted field 'v' from model 'Model',0,0,0,0,0,0,0,0,0,0,0,0,0,0
pydantic,synthetic-pydantic-tests\test_edge_cases.py-1,tests\test_edge_cases.py,,1,changed type of field 'v' in model 'Model',0,0,0,0,0,0,0,0,0,0,0,0,0,0
pydantic,synthetic-pydantic-tests\test_edge_cases.py-2,tests\test_edge_cases.py,,1,changed type of field 'v' in model 'Model',0,0,0,0,0,0,0,0,0,0,0,0,0,0
pydantic,synthetic-pydantic-tests\test_errors.py-0,tests\test_errors.py,,1,deleted field 'a' from model 'Model1',0,0,0,0,0,0,0,0,0,0,0,0,0,0
pydantic,synthetic-pydantic-tests\test_errors.py-1,tests\test_errors.py,,1,changed type of field 'b' in model 'Model2',0,0,0,0,0,0,1,0,0,0,0,0,0,0
pydantic,synthetic-pydantic-tests\test_errors.py-2,tests\test_errors.py,,1,deleted field 'a' from model 'Model1',0,0,0,0,0,0,0,0,0,0,0,0,0,0
pydantic,synthetic-pydantic-tests\test_fields.py-0,tests\test_fields.py,,1,changed type of field 'c' in model 'Parent',0,0,0,0,0,0,1,0,0,0,0,0,0,0
pydantic,synthetic-pydantic-tests\test_fields.py-1,tests\test_fields.py,,1,changed type of field 'f' in model 'Model',0,0,0,0,0,0,0,0,0,0,0,0,0,0
pydantic,synthetic-pydantic-tests\test_forward_ref.py-0,tests\test_forward_ref.py,,1,changed type of field 'a' in model 'Foo',0,0,0,0,0,0,0,0,0,0,0,0,0,0
pydantic,synthetic-pydantic-tests\test_forward_ref.py-1,tests\test_forward_ref.py,,1,changed type of field 'account' in model 'Owner',0,0,0,0,0,0,1,0,0,0,0,0,0,0
pydantic,synthetic-pydantic-tests\test_forward_ref.py-2,tests\test_forward_ref.py,,1,deleted field 'a' from model 'Model',0,0,0,0,0,0,0,0,0,0,0,0,0,0
pydantic,synthetic-pydantic-tests\test_freethreaded.py-0,tests\test_freethreaded.py,,1,deleted field 'b' from model 'Model',0,0,0,0,0,0,0,0,0,0,0,0,0,0
pydantic,synthetic-pydantic-tests\test_freethreaded.py-1,tests\test_freethreaded.py,,1,deleted field 'b' from model 'Model',0,0,0,0,0,0,0,0,0,0,0,0,0,0
pydantic,synthetic-pydantic-tests\test_freethreaded.py-2,tests\test_freethreaded.py,,1,deleted field 'b' from model 'Model',0,0,0,0,0,0,0,0,0,0,0,0,0,0
pydantic,synthetic-pydantic-tests\test_generics.py-0,tests\test_generics.py,,1,changed type of field 'foo' in model 'ErrorDetails',0,0,0,0,0,0,0,0,0,0,0,0,0,0
pydantic,synthetic-pydantic-tests\test_generics.py-1,tests\test_generics.py,,1,deleted field 'foo' from model 'ErrorDetails',0,0,0,0,0,0,0,0,0,0,0,0,0,0
pydantic,synthetic-pydantic-tests\test_generics.py-2,tests\test_generics.py,,1,deleted field 'f' from model 'NormalModel',0,0,0,0,1,0,0,0,0,0,0,0,0,0
pydantic,synthetic-pydantic-tests\test_internal.py-0,tests\test_internal.py,,1,deleted field 'b' from model 'M2',0,0,0,0,0,0,0,0,0,0,0,0,0,0
pydantic,synthetic-pydantic-tests\test_internal.py-1,tests\test_internal.py,,1,changed type of field 'a' in model 'M1',0,0,0,0,0,0,0,0,0,0,0,0,0,0
pydantic,synthetic-pydantic-tests\test_internal.py-2,tests\test_internal.py,,1,changed type of field 'a' in model 'M1',0,0,0,0,0,0,0,0,0,0,0,0,0,0
pydantic,synthetic-pydantic-tests\test_json.py-0,tests\test_json.py,,1,changed type of field 'm' in model 'Outer1',0,0,0,0,0,0,1,0,0,0,0,0,0,0
pydantic,synthetic-pydantic-tests\test_json.py-1,tests\test_json.py,,1,changed type of field 'y' in model 'ModelA',0,0,0,0,0,0,1,0,0,0,0,0,0,0
pydantic,synthetic-pydantic-tests\test_json.py-2,tests\test_json.py,,1,changed type of field 'x' in model 'Model',0,0,0,0,0,0,0,0,0,0,0,0,0,0
pydantic,synthetic-pydantic-tests\test_json_schema.py-0,tests\test_json_schema.py,,1,deleted field 'a' from model 'Model',0,0,0,0,0,0,0,0,0,0,0,0,0,0
pydantic,synthetic-pydantic-tests\test_json_schema.py-1,tests\test_json_schema.py,,1,changed type of field 'inner' in model 'Outer',0,0,0,0,0,0,0,0,0,0,0,0,0,0
pydantic,synthetic-pydantic-tests\test_json_schema.py-2,tests\test_json_schema.py,,1,deleted field 'x' from model 'Model',0,0,0,0,0,0,0,0,0,0,0,0,0,0
pydantic,synthetic-pydantic-tests\test_main.py-0,tests\test_main.py,,1,deleted field 'a' from model 'B',0,0,0,0,0,0,0,0,0,0,0,0,0,0
pydantic,synthetic-pydantic-tests\test_main.py-1,tests\test_main.py,,1,deleted field 'also_protect_field' from model 'Model',0,0,0,0,0,0,0,0,0,0,0,0,0,0
pydantic,synthetic-pydantic-tests\test_main.py-2,tests\test_main.py,,1,changed type of field 'inner' in model 'Outer',0,0,0,0,0,0,1,0,0,0,0,0,0,0
pydantic,synthetic-pydantic-tests\test_missing_sentinel.py-0,tests\test_missing_sentinel.py,,1,deleted field 'base_field' from model 'Base',0,0,0,0,0,0,0,0,0,0,0,0,0,0
pydantic,synthetic-pydantic-tests\test_missing_sentinel.py-1,tests\test_missing_sentinel.py,,1,deleted field 'f2' from model 'Model',0,0,0,0,0,0,0,0,0,0,0,0,0,0
pydantic,synthetic-pydantic-tests\test_missing_sentinel.py-2,tests\test_missing_sentinel.py,,1,changed type of field 'pet3' in model 'Model',0,0,0,0,0,0,0,0,0,0,0,0,0,0
pydantic,synthetic-pydantic-tests\test_model_signature.py-0,tests\test_model_signature.py,,1,deleted field 'my_field' from model 'Model',0,0,0,0,0,0,0,0,0,0,0,0,0,0
pydantic,synthetic-pydantic-tests\test_model_signature.py-1,tests\test_model_signature.py,,1,deleted field 'spam' from model 'Model',0,0,0,0,0,0,0,0,0,0,0,0,0,0
pydantic,synthetic-pydantic-tests\test_model_signature.py-2,tests\test_model_signature.py,,1,deleted field 'foo' from model 'Model',0,0,0,0,0,0,0,0,0,0,0,0,0,0
pydantic,synthetic-pydantic-tests\test_model_validator.py-0,tests\test_model_validator.py,,1,changed type of field 'inner' in model 'Model',0,0,0,0,0,0,1,0,0,0,0,0,0,0
pydantic,synthetic-pydantic-tests\test_model_validator.py-1,tests\test_model_validator.py,,1,changed type of field 'y' in model 'Model',0,0,0,0,0,0,0,0,0,0,0,0,0,0
pydantic,synthetic-pydantic-tests\test_model_validator.py-2,tests\test_model_validator.py,,1,changed type of field 'x' in model 'Model',0,0,0,0,0,0,0,0,0,0,0,0,0,0
pydantic,synthetic-pydantic-tests\test_networks.py-0,tests\test_networks.py,,1,changed type of field 'a' in model 'Model',0,0,0,0,0,0,0,0,0,0,0,0,0,0
pydantic,synthetic-pydantic-tests\test_networks.py-1,tests\test_networks.py,,1,changed type of field 'a' in model 'Model',0,0,0,0,0,0,0,0,0,0,0,0,0,0
pydantic,synthetic-pydantic-tests\test_networks.py-2,tests\test_networks.py,,1,deleted field 'v' from model 'Model',0,0,0,0,0,0,0,0,0,0,0,0,0,0
pydantic,synthetic-pydantic-tests\test_networks_ipaddress.py-0,tests\test_networks_ipaddress.py,,1,deleted field 'ip' from model 'Model',0,0,0,0,0,0,0,0,0,0,0,0,0,0
pydantic,synthetic-pydantic-tests\test_networks_ipaddress.py-1,tests\test_networks_ipaddress.py,,1,changed type of field 'ip' in model 'Model',0,0,0,0,0,0,0,0,0,0,0,0,0,0
pydantic,synthetic-pydantic-tests\test_networks_ipaddress.py-2,tests\test_networks_ipaddress.py,,1,changed type of field 'ip' in model 'Model',0,0,0,0,0,0,0,0,0,0,0,0,0,0
pydantic,synthetic-pydantic-tests\test_parse.py-0,tests\test_parse.py,,1,deleted field 'root' from model 'NestedModel',0,0,0,0,0,0,0,0,0,0,0,0,0,0
pydantic,synthetic-pydantic-tests\test_parse.py-1,tests\test_parse.py,,1,deleted field 'root' from model 'NestedModel',0,0,0,0,0,0,0,0,0,0,0,0,0,0
pydantic,synthetic-pydantic-tests\test_parse.py-2,tests\test_parse.py,,1,changed type of field 'id' in model 'NestedData',0,0,0,0,0,0,1,0,0,0,0,0,0,0
pydantic,synthetic-pydantic-tests\test_pickle.py-0,tests\test_pickle.py,,1,deleted field 'val' from model 'ImportableModel',0,0,0,0,1,0,0,0,0,0,0,0,0,0
pydantic,synthetic-pydantic-tests\test_pickle.py-1,tests\test_pickle.py,,1,changed type of field 'val' in model 'NonImportableModel',0,0,0,0,0,0,1,0,0,0,0,0,0,0
pydantic,synthetic-pydantic-tests\test_pickle.py-2,tests\test_pickle.py,,1,deleted field 'inner' from model 'ImportableNestedDataclassModel',0,0,0,0,0,0,0,0,0,0,0,0,0,0
pydantic,synthetic-pydantic-tests\test_plugins.py-0,tests\test_plugins.py,,1,changed type of field 'a' in model 'Model',0,0,0,0,0,0,0,0,0,0,0,0,0,0
pydantic,synthetic-pydantic-tests\test_plugins.py-1,tests\test_plugins.py,,1,changed type of field 'm' in model 'Main',0,0,0,0,0,0,1,0,0,0,0,0,0,0
pydantic,synthetic-pydantic-tests\test_plugins.py-2,tests\test_plugins.py,,1,changed type of field 'a' in model 'Model',0,0,0,0,0,0,1,0,0,0,0,0,0,0
pydantic,synthetic-pydantic-tests\test_private_attributes.py-0,tests\test_private_attributes.py,,1,changed type of field 'x' in model 'A',0,0,0,0,0,0,1,0,0,0,0,0,0,0
pydantic,synthetic-pydantic-tests\test_private_attributes.py-1,tests\test_private_attributes.py,,1,changed type of field 'bar' in model 'Model',0,0,0,0,0,0,0,0,0,0,0,0,0,0
pydantic,synthetic-pydantic-tests\test_private_attributes.py-2,tests\test_private_attributes.py,,1,changed type of field 'foo' in model 'Model',0,0,0,0,0,0,0,0,0,0,0,0,0,0
pydantic,synthetic-pydantic-tests\test_rich_repr.py-0,tests\test_rich_repr.py,,1,changed type of field 'name' in model 'User',0,0,0,0,0,0,1,0,0,0,0,0,0,0
pydantic,synthetic-pydantic-tests\test_rich_repr.py-1,tests\test_rich_repr.py,,1,deleted field 'friends' from model 'User',0,0,0,0,1,0,0,0,0,0,0,0,0,0
pydantic,synthetic-pydantic-tests\test_rich_repr.py-2,tests\test_rich_repr.py,,1,changed type of field 'friends' in model 'User',0,0,0,0,0,0,1,0,0,0,0,0,0,0
pydantic,synthetic-pydantic-tests\test_root_model.py-0,tests\test_root_model.py,,1,deleted field 'kind' from model 'SModel',0,0,0,0,1,0,0,0,0,0,0,0,0,0
pydantic,synthetic-pydantic-tests\test_root_model.py-1,tests\test_root_model.py,,1,changed type of field 'root_model' in model 'MyModel',0,0,0,0,0,0,1,0,0,0,0,0,0,0
pydantic,synthetic-pydantic-tests\test_root_model.py-2,tests\test_root_model.py,,1,deleted field 'b' from model 'B',0,0,0,0,1,0,0,0,0,0,0,0,0,0
pydantic,synthetic-pydantic-tests\test_serialize.py-0,tests\test_serialize.py,,1,deleted field 'x' from model 'MyModel',0,0,0,0,0,0,0,0,0,0,0,0,0,0
pydantic,synthetic-pydantic-tests\test_serialize.py-1,tests\test_serialize.py,,1,changed type of field 'x' in model '_',0,0,0,0,0,0,0,0,0,0,0,0,0,0
pydantic,synthetic-pydantic-tests\test_serialize_as_any.py-0,tests\test_serialize_as_any.py,,1,deleted field 'y' from model 'Other',0,0,0,0,0,0,0,0,0,0,0,0,0,0
pydantic,synthetic-pydantic-tests\test_serialize_as_any.py-1,tests\test_serialize_as_any.py,,1,changed type of field 'user' in model 'OuterModel',0,0,0,0,0,0,0,0,0,0,0,0,0,0
pydantic,synthetic-pydantic-tests\test_serialize_as_any.py-2,tests\test_serialize_as_any.py,,1,deleted field 'maybe_as_any' from model 'OuterModel',0,0,0,0,0,0,0,0,0,0,0,0,0,0
pydantic,synthetic-pydantic-tests\test_strict.py-0,tests\test_strict.py,,1,changed type of field 'c' in model 'ModelWithStrictConfig',0,0,0,0,0,0,1,0,0,0,0,0,0,0
pydantic,synthetic-pydantic-tests\test_strict.py-1,tests\test_strict.py,,1,changed type of field 'a' in model 'ModelWithStrictField',0,0,0,0,0,0,1,0,0,0,0,0,0,0
pydantic,synthetic-pydantic-tests\test_strict.py-2,tests\test_strict.py,,1,changed type of field 'a' in model 'ModelWithStrictField',0,0,0,0,0,0,1,0,0,0,0,0,0,0
pydantic,synthetic-pydantic-tests\test_structural_pattern_matching.py-0,tests\test_structural_pattern_matching.py,,1,deleted field 'a' from model 'Model',0,0,0,0,1,0,0,0,0,0,0,0,0,0
pydantic,synthetic-pydantic-tests\test_structural_pattern_matching.py-1,tests\test_structural_pattern_matching.py,,1,deleted field 'a' from model 'Model',0,0,0,0,1,0,0,0,0,0,0,0,0,0
pydantic,synthetic-pydantic-tests\test_structural_pattern_matching.py-2,tests\test_structural_pattern_matching.py,,1,deleted field 'b' from model 'Model',0,0,0,0,1,0,0,0,0,0,0,0,0,0
pydantic,synthetic-pydantic-tests\test_titles.py-0,tests\test_titles.py,,1,deleted field 'sub' from model 'Model',0,0,0,0,0,0,0,0,0,0,0,0,0,0
pydantic,synthetic-pydantic-tests\test_titles.py-1,tests\test_titles.py,,1,changed type of field 'sub' in model 'Model',0,0,0,0,0,0,0,0,0,0,0,0,0,0
pydantic,synthetic-pydantic-tests\test_titles.py-2,tests\test_titles.py,,1,changed type of field 'field_b' in model 'Model',0,0,0,0,0,0,0,0,0,0,0,0,0,0
pydantic,synthetic-pydantic-tests\test_tools.py-0,tests\test_tools.py,,1,changed type of field 'z' in model 'Model',0,0,0,0,0,0,1,0,0,0,0,0,0,0
pydantic,synthetic-pydantic-tests\test_tools.py-1,tests\test_tools.py,,1,changed type of field 'x' in model 'Model',0,0,0,0,0,0,1,0,0,0,0,0,0,0
pydantic,synthetic-pydantic-tests\test_tools.py-2,tests\test_tools.py,,1,changed type of field 'z' in model 'Model',0,0,0,0,0,0,1,0,0,0,0,0,0,0
pydantic,synthetic-pydantic-tests\test_types.py-0,tests\test_types.py,,1,changed type of field 'b' in model 'Model',0,0,0,0,0,0,0,0,0,0,0,0,0,0
pydantic,synthetic-pydantic-tests\test_types.py-1,tests\test_types.py,,1,changed type of field 'x' in model 'Base',0,0,0,0,0,0,1,0,0,0,0,0,0,0
pydantic,synthetic-pydantic-tests\test_types.py-2,tests\test_types.py,,1,deleted field 'x' from model 'Model',0,0,0,0,0,0,0,0,0,0,0,0,0,0
pydantic,synthetic-pydantic-tests\test_types_payment_card_number.py-0,tests\test_types_payment_card_number.py,,1,deleted field 'card_number' from model 'PaymentCard',0,0,0,0,0,0,0,0,0,0,0,0,0,0
pydantic,synthetic-pydantic-tests\test_types_payment_card_number.py-1,tests\test_types_payment_card_number.py,,1,deleted field 'card_number' from model 'PaymentCard',0,0,0,0,0,0,0,0,0,0,0,0,0,0
pydantic,synthetic-pydantic-tests\test_types_payment_card_number.py-2,tests\test_types_payment_card_number.py,,1,changed type of field 'card_number' in model 'PaymentCard',0,0,0,0,0,0,1,0,0,0,0,0,0,0
pydantic,synthetic-pydantic-tests\test_types_self.py-0,tests\test_types_self.py,,1,changed type of field 'refs' in model 'SelfRef',0,0,0,0,0,0,1,0,0,0,0,0,0,0
pydantic,synthetic-pydantic-tests\test_types_self.py-1,tests\test_types_self.py,,1,changed type of field 'ref' in model 'SelfRef',0,0,0,0,0,0,0,0,0,0,0,0,0,0
pydantic,synthetic-pydantic-tests\test_types_self.py-2,tests\test_types_self.py,,1,changed type of field 'x' in model 'SelfRef',0,0,0,0,0,0,0,0,0,0,0,0,0,0
pydantic,synthetic-pydantic-tests\test_types_typeddict.py-0,tests\test_types_typeddict.py,,1,changed type of field 'rec' in model 'RecursiveTypedDictModel',0,0,0,0,0,0,1,0,0,0,0,0,0,0
pydantic,synthetic-pydantic-tests\test_types_typeddict.py-1,tests\test_types_typeddict.py,,1,changed type of field 'td' in model 'Model',0,0,0,0,0,0,0,0,0,0,0,0,0,0
pydantic,synthetic-pydantic-tests\test_types_typeddict.py-2,tests\test_types_typeddict.py,,1,changed type of field 't' in model 'Model',0,0,0,0,0,0,0,0,0,0,0,0,0,0
pydantic,synthetic-pydantic-tests\test_types_zoneinfo.py-0,tests\test_types_zoneinfo.py,,1,changed type of field 'tz' in model 'ZoneInfoModel',0,0,0,0,0,0,1,0,0,0,0,0,0,0
pydantic,synthetic-pydantic-tests\test_types_zoneinfo.py-1,tests\test_types_zoneinfo.py,,1,changed type of field 'tz' in model 'ZoneInfoModel',0,0,0,0,0,0,1,0,0,0,0,0,0,0
pydantic,synthetic-pydantic-tests\test_types_zoneinfo.py-2,tests\test_types_zoneinfo.py,,1,changed type of field 'tz' in model 'ZoneInfoModel',0,0,0,0,0,0,1,0,0,0,0,0,0,0
pydantic,synthetic-pydantic-tests\test_type_adapter.py-0,tests\test_type_adapter.py,,1,changed type of field 'x' in model 'Model',0,0,0,0,0,0,1,0,0,0,0,0,0,0
pydantic,synthetic-pydantic-tests\test_type_adapter.py-1,tests\test_type_adapter.py,,1,deleted field 'x' from model 'MyModel',0,0,0,0,1,0,0,0,0,0,0,0,0,0
pydantic,synthetic-pydantic-tests\test_type_adapter.py-2,tests\test_type_adapter.py,,1,changed type of field 'x' in model 'PydanticModel',0,0,0,0,0,0,1,0,0,0,0,0,0,0
pydantic,synthetic-pydantic-tests\test_type_alias_type.py-0,tests\test_type_alias_type.py,,1,changed type of field 'y' in model 'MyOuterModel',0,0,0,0,0,0,1,0,0,0,0,0,0,0
pydantic,synthetic-pydantic-tests\test_type_alias_type.py-1,tests\test_type_alias_type.py,,1,deleted field 'inner' from model 'MyOuterModel',0,0,0,0,1,0,0,0,0,0,0,0,0,0
pydantic,synthetic-pydantic-tests\test_type_alias_type.py-2,tests\test_type_alias_type.py,,1,changed type of field 'field_2' in model 'MyModel',0,0,0,0,0,0,0,0,0,0,0,0,0,0
pydantic,synthetic-pydantic-tests\test_type_hints.py-0,tests\test_type_hints.py,,1,deleted field 'data' from model 'Result',0,0,0,0,0,0,0,0,0,0,0,0,0,0
pydantic,synthetic-pydantic-tests\test_type_hints.py-1,tests\test_type_hints.py,,1,changed type of field 'root_model' in model 'MyModel',0,0,0,0,0,0,1,0,0,0,0,0,0,0
pydantic,synthetic-pydantic-tests\test_type_hints.py-2,tests\test_type_hints.py,,1,deleted field 'a' from model 'UltraSimpleModel',0,0,0,0,1,0,0,0,0,0,0,0,0,0
pydantic,synthetic-pydantic-tests\test_typing.py-0,tests\test_typing.py,,1,changed type of field 'foo' in model 'Model',0,0,0,0,0,0,1,0,0,0,0,0,0,0
pydantic,synthetic-pydantic-tests\test_typing.py-1,tests\test_typing.py,,1,deleted field 'foo' from model 'Model',0,0,0,0,0,0,0,0,0,0,0,0,0,0
pydantic,synthetic-pydantic-tests\test_typing.py-2,tests\test_typing.py,,1,changed type of field 'foo' in model 'Model',0,0,0,0,0,0,1,0,0,0,0,0,0,0
pydantic,synthetic-pydantic-tests\test_utils.py-0,tests\test_utils.py,,1,changed type of field 'a' in model 'MyTestModel',0,0,0,0,0,0,1,0,0,0,0,0,0,0
pydantic,synthetic-pydantic-tests\test_utils.py-1,tests\test_utils.py,,1,changed type of field 'a' in model 'MyTestModel',0,0,0,0,0,0,0,0,0,0,0,0,0,0
pydantic,synthetic-pydantic-tests\test_utils.py-2,tests\test_utils.py,,1,deleted field 'b' from model 'MyTestModel',0,0,0,0,0,0,0,0,0,0,0,0,0,0
pydantic,synthetic-pydantic-tests\test_validate_call.py-0,tests\test_validate_call.py,,1,deleted field 'type' from model 'Dog',0,0,0,0,1,0,0,0,0,0,0,0,0,0
pydantic,synthetic-pydantic-tests\test_validate_call.py-1,tests\test_validate_call.py,,1,deleted field 'z' from model 'M0',0,0,0,0,0,0,0,0,0,0,0,0,0,0
pydantic,synthetic-pydantic-tests\test_validate_call.py-2,tests\test_validate_call.py,,1,changed type of field 'type' in model 'Cat',0,0,0,0,0,0,1,0,0,0,0,0,0,0
pydantic,synthetic-pydantic-tests\test_validators.py-0,tests\test_validators.py,,1,changed type of field 'a' in model 'Model',0,0,0,0,0,0,0,0,0,0,0,0,0,0
pydantic,synthetic-pydantic-tests\test_validators.py-1,tests\test_validators.py,,1,deleted field 'x' from model 'Model',0,0,0,0,0,0,0,0,0,0,0,0,0,0
pydantic,synthetic-pydantic-tests\test_validators.py-2,tests\test_validators.py,,1,deleted field 'nested' from model 'MyParentModel',0,0,0,0,0,0,0,0,0,0,0,0,0,0
pydantic,synthetic-pydantic-tests\benchmarks\shared.py-0,tests\benchmarks\shared.py,,1,deleted field 'field2' from model 'NestedModel',0,0,0,0,1,0,0,0,0,0,0,0,0,0
pydantic,synthetic-pydantic-tests\benchmarks\shared.py-1,tests\benchmarks\shared.py,,1,changed type of field 'optional_nested' in model 'OuterModel',0,0,0,0,0,0,1,0,0,0,0,0,0,0
pydantic,synthetic-pydantic-tests\benchmarks\shared.py-2,tests\benchmarks\shared.py,,1,changed type of field 'field3' in model 'SimpleModel',0,0,0,0,0,0,1,0,0,0,0,0,0,0
pydantic,synthetic-pydantic-tests\benchmarks\test_attribute_access.py-0,tests\benchmarks\test_attribute_access.py,,1,changed type of field 'field1' in model 'Model',0,0,0,0,0,0,1,0,0,0,0,0,0,0
pydantic,synthetic-pydantic-tests\benchmarks\test_attribute_access.py-1,tests\benchmarks\test_attribute_access.py,,1,changed type of field 'inner_field2' in model 'InnerValidateAssignment',0,0,0,0,0,0,1,0,0,0,0,0,0,0
pydantic,synthetic-pydantic-tests\benchmarks\test_attribute_access.py-2,tests\benchmarks\test_attribute_access.py,,1,changed type of field 'inner_field1' in model 'InnerValidateAssignment',0,0,0,0,0,0,1,0,0,0,0,0,0,0
pydantic,synthetic-pydantic-tests\benchmarks\test_discriminated_unions.py-0,tests\benchmarks\test_discriminated_unions.py,,1,deleted field 'state_type' from model 'LeafState',0,0,0,0,0,0,0,0,0,0,0,0,0,0
pydantic,synthetic-pydantic-tests\benchmarks\test_discriminated_unions.py-1,tests\benchmarks\test_discriminated_unions.py,,1,changed type of field 'substate' in model 'NestedState',0,0,0,0,0,0,1,0,0,0,0,0,0,0
pydantic,synthetic-pydantic-tests\benchmarks\test_discriminated_unions.py-2,tests\benchmarks\test_discriminated_unions.py,,1,changed type of field 'state_type' in model 'LoopState',0,0,0,0,0,0,1,0,0,0,0,0,0,0
pydantic,synthetic-pydantic-tests\benchmarks\test_fastapi_startup_generics.py-0,tests\benchmarks\test_fastapi_startup_generics.py,,1,changed type of field 'data' in model 'PutModel',0,0,0,0,0,0,1,0,0,0,0,0,0,0
pydantic,synthetic-pydantic-tests\benchmarks\test_fastapi_startup_generics.py-1,tests\benchmarks\test_fastapi_startup_generics.py,,1,changed type of field 'data' in model 'PutModel',0,0,0,0,0,0,1,0,0,0,0,0,0,0
pydantic,synthetic-pydantic-tests\benchmarks\test_fastapi_startup_generics.py-2,tests\benchmarks\test_fastapi_startup_generics.py,,1,deleted field 'res' from model 'GetModel',0,0,0,0,0,0,0,0,0,0,0,0,0,0
pydantic,synthetic-pydantic-tests\benchmarks\test_fastapi_startup_simple.py-0,tests\benchmarks\test_fastapi_startup_simple.py,,1,deleted field 'name' from model 'Product',0,0,0,0,1,0,0,0,0,0,0,0,0,0
pydantic,synthetic-pydantic-tests\benchmarks\test_fastapi_startup_simple.py-1,tests\benchmarks\test_fastapi_startup_simple.py,,1,deleted field 'title' from model 'BlogPost',0,0,0,0,1,0,0,0,0,0,0,0,0,0
pydantic,synthetic-pydantic-tests\benchmarks\test_fastapi_startup_simple.py-2,tests\benchmarks\test_fastapi_startup_simple.py,,1,changed type of field 'street' in model 'Address',0,0,0,0,0,0,1,0,0,0,0,0,0,0
pydantic,synthetic-pydantic-tests\benchmarks\test_isinstance.py-0,tests\benchmarks\test_isinstance.py,,1,deleted field 'my_str' from model 'ModelV2',0,0,0,0,0,0,0,0,0,0,0,0,0,0
pydantic,synthetic-pydantic-tests\benchmarks\test_isinstance.py-1,tests\benchmarks\test_isinstance.py,,1,deleted field 'my_str' from model 'ModelV2',0,0,0,0,0,0,0,0,0,0,0,0,0,0
pydantic,synthetic-pydantic-tests\benchmarks\test_isinstance.py-2,tests\benchmarks\test_isinstance.py,,1,deleted field 'my_str' from model 'ModelV2',0,0,0,0,0,0,0,0,0,0,0,0,0,0
pydantic,synthetic-pydantic-tests\benchmarks\test_model_schema_generation.py-0,tests\benchmarks\test_model_schema_generation.py,,1,deleted field 'barks' from model 'Dog',0,0,0,0,1,0,0,0,0,0,0,0,0,0
pydantic,synthetic-pydantic-tests\benchmarks\test_model_schema_generation.py-1,tests\benchmarks\test_model_schema_generation.py,,1,deleted field 'time_to_cook' from model 'Pie',0,0,0,0,1,0,0,0,0,0,0,0,0,0
pydantic,synthetic-pydantic-tests\benchmarks\test_model_schema_generation.py-2,tests\benchmarks\test_model_schema_generation.py,,1,deleted field 'name' from model 'RecursiveModel',0,0,0,0,1,0,0,0,0,0,0,0,0,0
pydantic,synthetic-pydantic-tests\benchmarks\test_model_serialization.py-0,tests\benchmarks\test_model_serialization.py,,1,deleted field 'items' from model 'SimpleListModel',0,0,0,0,0,0,0,0,0,0,0,0,0,0
pydantic,synthetic-pydantic-tests\benchmarks\test_model_serialization.py-1,tests\benchmarks\test_model_serialization.py,,1,changed type of field 'items' in model 'SimpleListModel',0,0,0,0,0,0,1,0,0,0,0,0,0,0
pydantic,synthetic-pydantic-tests\benchmarks\test_model_serialization.py-2,tests\benchmarks\test_model_serialization.py,,1,changed type of field 'items' in model 'SimpleListModel',0,0,0,0,0,0,1,0,0,0,0,0,0,0
pydantic,synthetic-pydantic-tests\benchmarks\test_model_validation.py-0,tests\benchmarks\test_model_validation.py,,1,deleted field 'items' from model 'SimpleListModel',0,0,0,0,0,0,0,0,0,0,0,0,0,0
pydantic,synthetic-pydantic-tests\benchmarks\test_model_validation.py-1,tests\benchmarks\test_model_validation.py,,1,changed type of field 'items' in model 'SimpleListModel',0,0,0,0,0,0,1,0,0,0,0,0,0,0
pydantic,synthetic-pydantic-tests\benchmarks\test_north_star.py-0,tests\benchmarks\test_north_star.py,,1,changed type of field 'entry_created_time' in model 'Person',0,0,0,0,0,0,1,0,0,0,0,0,0,0
pydantic,synthetic-pydantic-tests\benchmarks\test_north_star.py-1,tests\benchmarks\test_north_star.py,,1,changed type of field 'username' in model 'SocialProfileBase',0,0,0,0,0,0,1,0,0,0,0,0,0,0
pydantic,synthetic-pydantic-tests\benchmarks\test_north_star.py-2,tests\benchmarks\test_north_star.py,,1,deleted field 'id' from model 'Person',0,0,0,0,1,0,0,0,0,0,0,0,0,0
pydantic,synthetic-pydantic-tests\benchmarks\test_validators_build.py-0,tests\benchmarks\test_validators_build.py,,1,deleted field 'a' from model 'Base1',0,0,0,0,1,0,0,0,0,0,0,0,0,0
pydantic,synthetic-pydantic-tests\benchmarks\test_validators_build.py-1,tests\benchmarks\test_validators_build.py,,1,deleted field 'a' from model 'Base1',0,0,0,0,1,0,0,0,0,0,0,0,0,0
pydantic,synthetic-pydantic-tests\benchmarks\test_validators_build.py-2,tests\benchmarks\test_validators_build.py,,1,changed type of field 'a' in model 'Base1',0,0,0,0,0,0,1,0,0,0,0,0,0,0
pydantic,synthetic-pydantic-tests\mypy\modules\covariant_typevar.py-0,tests\mypy\modules\covariant_typevar.py,,1,changed type of field 'value' in model 'Foo',0,0,0,0,0,0,1,0,0,0,0,0,0,0
pydantic,synthetic-pydantic-tests\mypy\modules\covariant_typevar.py-1,tests\mypy\modules\covariant_typevar.py,,1,changed type of field 'value' in model 'Foo',0,0,0,0,0,0,1,0,0,0,0,0,0,0
pydantic,synthetic-pydantic-tests\mypy\modules\covariant_typevar.py-2,tests\mypy\modules\covariant_typevar.py,,1,changed type of field 'value' in model 'Foo',0,0,0,0,0,0,1,0,0,0,0,0,0,0
pydantic,synthetic-pydantic-tests\mypy\modules\create_model_var.py-0,tests\mypy\modules\create_model_var.py,,1,deleted field 'sub' from model 'Main',0,0,0,0,0,0,0,0,0,0,0,0,0,0
pydantic,synthetic-pydantic-tests\mypy\modules\create_model_var.py-1,tests\mypy\modules\create_model_var.py,,1,deleted field 'sub' from model 'Main',0,0,0,0,0,0,0,0,0,0,0,0,0,0
pydantic,synthetic-pydantic-tests\mypy\modules\create_model_var.py-2,tests\mypy\modules\create_model_var.py,,1,changed type of field 'sub' in model 'Main',0,0,0,0,0,0,1,0,0,0,0,0,0,0
pydantic,synthetic-pydantic-tests\mypy\modules\custom_constructor.py-0,tests\mypy\modules\custom_constructor.py,,1,deleted field 'id' from model 'Person',0,0,0,0,1,0,0,0,0,0,0,0,0,0
pydantic,synthetic-pydantic-tests\mypy\modules\custom_constructor.py-1,tests\mypy\modules\custom_constructor.py,,1,deleted field 'name' from model 'Person',0,0,0,0,1,0,0,0,0,0,0,0,0,0
pydantic,synthetic-pydantic-tests\mypy\modules\custom_constructor.py-2,tests\mypy\modules\custom_constructor.py,,1,deleted field 'birth_year' from model 'Person',0,0,0,0,1,0,0,0,0,0,0,0,0,0
pydantic,synthetic-pydantic-tests\mypy\modules\decorator_implicit_classmethod.py-0,tests\mypy\modules\decorator_implicit_classmethod.py,,1,deleted field 'a' from model 'Model',0,0,0,0,1,0,0,0,0,0,0,0,0,0
pydantic,synthetic-pydantic-tests\mypy\modules\decorator_implicit_classmethod.py-1,tests\mypy\modules\decorator_implicit_classmethod.py,,1,deleted field 'a' from model 'Model',0,0,0,0,1,0,0,0,0,0,0,0,0,0
pydantic,synthetic-pydantic-tests\mypy\modules\decorator_implicit_classmethod.py-2,tests\mypy\modules\decorator_implicit_classmethod.py,,1,changed type of field 'a' in model 'Model',0,0,0,0,0,0,1,0,0,0,0,0,0,0
pydantic,synthetic-pydantic-tests\mypy\modules\fail_defaults.py-0,tests\mypy\modules\fail_defaults.py,,1,deleted field 'named_ellipsis_default' from model 'Model',0,0,0,0,1,0,0,0,0,0,0,0,0,0
pydantic,synthetic-pydantic-tests\mypy\modules\fail_defaults.py-1,tests\mypy\modules\fail_defaults.py,,1,changed type of field 'positional_ellipsis_default' in model 'Model',0,0,0,0,0,0,1,0,0,0,0,0,0,0
pydantic,synthetic-pydantic-tests\mypy\modules\fail_defaults.py-2,tests\mypy\modules\fail_defaults.py,,1,deleted field 'positional_default' from model 'Model',0,0,0,0,1,0,0,0,0,0,0,0,0,0
pydantic,synthetic-pydantic-tests\mypy\modules\final_with_default.py-0,tests\mypy\modules\final_with_default.py,,1,deleted field 'f' from model 'Model',0,0,0,0,0,0,0,0,0,0,0,0,0,0
pydantic,synthetic-pydantic-tests\mypy\modules\final_with_default.py-1,tests\mypy\modules\final_with_default.py,,1,deleted field 'f' from model 'Model',0,0,0,0,0,0,0,0,0,0,0,0,0,0
pydantic,synthetic-pydantic-tests\mypy\modules\final_with_default.py-2,tests\mypy\modules\final_with_default.py,,1,changed type of field 'f' in model 'Model',0,0,0,0,0,0,1,0,0,0,0,0,0,0
pydantic,synthetic-pydantic-tests\mypy\modules\from_orm_v1_noconflict.py-0,tests\mypy\modules\from_orm_v1_noconflict.py,,1,changed type of field 'x' in model 'CustomModel',0,0,0,0,0,0,1,0,0,0,0,0,0,0
pydantic,synthetic-pydantic-tests\mypy\modules\from_orm_v1_noconflict.py-1,tests\mypy\modules\from_orm_v1_noconflict.py,,1,changed type of field 'x' in model 'CustomModel',0,0,0,0,0,0,1,0,0,0,0,0,0,0
pydantic,synthetic-pydantic-tests\mypy\modules\from_orm_v1_noconflict.py-2,tests\mypy\modules\from_orm_v1_noconflict.py,,1,deleted field 'x' from model 'CustomModel',0,0,0,0,1,0,0,0,0,0,0,0,0,0
pydantic,synthetic-pydantic-tests\mypy\modules\frozen_field.py-0,tests\mypy\modules\frozen_field.py,,1,deleted field 'a' from model 'Foo',0,0,0,0,0,0,0,0,0,0,0,0,0,0
pydantic,synthetic-pydantic-tests\mypy\modules\frozen_field.py-1,tests\mypy\modules\frozen_field.py,,1,changed type of field 'parent_attr' in model 'Parent',0,0,0,0,0,0,1,0,0,0,0,0,0,0
pydantic,synthetic-pydantic-tests\mypy\modules\frozen_field.py-2,tests\mypy\modules\frozen_field.py,,1,deleted field 'parent_attr' from model 'Parent',0,0,0,0,0,0,0,0,0,0,0,0,0,0
pydantic,synthetic-pydantic-tests\mypy\modules\generics.py-0,tests\mypy\modules\generics.py,,1,changed type of field 'value' in model 'HistoryField',0,0,0,0,0,0,1,0,0,0,0,0,0,0
pydantic,synthetic-pydantic-tests\mypy\modules\generics.py-1,tests\mypy\modules\generics.py,,1,changed type of field 'data' in model 'JsonBody',0,0,0,0,0,0,1,0,0,0,0,0,0,0
pydantic,synthetic-pydantic-tests\mypy\modules\generics.py-2,tests\mypy\modules\generics.py,,1,changed type of field 'url' in model 'Response',0,0,0,0,0,0,1,0,0,0,0,0,0,0
pydantic,synthetic-pydantic-tests\mypy\modules\metaclass_args.py-0,tests\mypy\modules\metaclass_args.py,,1,deleted field 'i' from model 'MetaclassArgumentsNoDefault',0,0,0,0,0,0,0,0,0,0,0,0,0,0
pydantic,synthetic-pydantic-tests\mypy\modules\metaclass_args.py-1,tests\mypy\modules\metaclass_args.py,,1,deleted field 'i' from model 'MetaclassArgumentsWithDefault',0,0,0,0,0,0,0,0,0,0,0,0,0,0
pydantic,synthetic-pydantic-tests\mypy\modules\metaclass_args.py-2,tests\mypy\modules\metaclass_args.py,,1,deleted field 'i' from model 'MetaclassArgumentsWithDefault',0,0,0,0,0,0,0,0,0,0,0,0,0,0
pydantic,synthetic-pydantic-tests\mypy\modules\no_strict_optional.py-0,tests\mypy\modules\no_strict_optional.py,,1,changed type of field 'MONGO_PASSWORD' in model 'MongoSettings',0,0,0,0,0,0,1,0,0,0,0,0,0,0
pydantic,synthetic-pydantic-tests\mypy\modules\no_strict_optional.py-1,tests\mypy\modules\no_strict_optional.py,,1,changed type of field 'MONGO_PASSWORD' in model 'MongoSettings',0,0,0,0,0,0,1,0,0,0,0,0,0,0
pydantic,synthetic-pydantic-tests\mypy\modules\no_strict_optional.py-2,tests\mypy\modules\no_strict_optional.py,,1,deleted field 'MONGO_PASSWORD' from model 'MongoSettings',0,0,0,0,0,0,0,0,0,0,0,0,0,0
pydantic,synthetic-pydantic-tests\mypy\modules\plugin_fail.py-0,tests\mypy\modules\plugin_fail.py,,1,deleted field 'x' from model 'KwargsDynamicAliasModel',0,0,0,0,1,0,0,0,0,0,0,0,0,0
pydantic,synthetic-pydantic-tests\mypy\modules\plugin_fail.py-1,tests\mypy\modules\plugin_fail.py,,1,deleted field 'x' from model 'KwargsAliasGeneratorModel2',0,0,0,0,0,0,0,0,0,0,0,0,0,0
pydantic,synthetic-pydantic-tests\mypy\modules\plugin_fail.py-2,tests\mypy\modules\plugin_fail.py,,1,deleted field 'x' from model 'UntypedFieldModel',0,0,0,0,1,0,0,0,0,0,0,0,0,0
pydantic,synthetic-pydantic-tests\mypy\modules\plugin_fail_baseConfig.py-0,tests\mypy\modules\plugin_fail_baseConfig.py,,1,deleted field 'y' from model 'Model',0,0,0,0,1,0,0,0,0,0,0,0,0,0
pydantic,synthetic-pydantic-tests\mypy\modules\plugin_fail_baseConfig.py-1,tests\mypy\modules\plugin_fail_baseConfig.py,,1,changed type of field 'x' in model 'UntypedFieldModel',0,0,0,0,0,0,1,0,0,0,0,0,0,0
pydantic,synthetic-pydantic-tests\mypy\modules\plugin_fail_baseConfig.py-2,tests\mypy\modules\plugin_fail_baseConfig.py,,1,deleted field 'data' from model 'Response',0,0,0,0,1,0,0,0,0,0,0,0,0,0
pydantic,synthetic-pydantic-tests\mypy\modules\plugin_no_any_dynamic_alias.py-0,tests\mypy\modules\plugin_no_any_dynamic_alias.py,,1,deleted field 'test_field' from model 'ModelWithAliasChoices',0,0,0,0,0,0,0,0,0,0,0,0,0,0
pydantic,synthetic-pydantic-tests\mypy\modules\plugin_no_any_dynamic_alias.py-1,tests\mypy\modules\plugin_no_any_dynamic_alias.py,,1,changed type of field 'test_field' in model 'ModelWithAliasChoices',0,0,0,0,0,0,1,0,0,0,0,0,0,0
pydantic,synthetic-pydantic-tests\mypy\modules\plugin_no_any_dynamic_alias.py-2,tests\mypy\modules\plugin_no_any_dynamic_alias.py,,1,changed type of field 'test_field' in model 'ModelWithAliasChoices',0,0,0,0,0,0,1,0,0,0,0,0,0,0
pydantic,synthetic-pydantic-tests\mypy\modules\plugin_optional_inheritance.py-0,tests\mypy\modules\plugin_optional_inheritance.py,,1,deleted field 'foo' from model 'Bar',0,0,0,0,0,0,0,0,0,0,0,0,0,0
pydantic,synthetic-pydantic-tests\mypy\modules\plugin_optional_inheritance.py-1,tests\mypy\modules\plugin_optional_inheritance.py,,1,changed type of field 'foo' in model 'Bar',0,0,0,0,0,0,1,0,0,0,0,0,0,0
pydantic,synthetic-pydantic-tests\mypy\modules\plugin_optional_inheritance.py-2,tests\mypy\modules\plugin_optional_inheritance.py,,1,changed type of field 'id' in model 'Foo',0,0,0,0,0,0,1,0,0,0,0,0,0,0
pydantic,synthetic-pydantic-tests\mypy\modules\plugin_strict_fields.py-0,tests\mypy\modules\plugin_strict_fields.py,,1,changed type of field 'a' in model 'ModelStrictMode',0,0,0,0,0,0,1,0,0,0,0,0,0,0
pydantic,synthetic-pydantic-tests\mypy\modules\plugin_strict_fields.py-1,tests\mypy\modules\plugin_strict_fields.py,,1,changed type of field 'b' in model 'ModelStrictMode',0,0,0,0,0,0,1,0,0,0,0,0,0,0
pydantic,synthetic-pydantic-tests\mypy\modules\plugin_strict_fields.py-2,tests\mypy\modules\plugin_strict_fields.py,,1,changed type of field 'c' in model 'Model',0,0,0,0,0,0,1,0,0,0,0,0,0,0
pydantic,synthetic-pydantic-tests\mypy\modules\plugin_success.py-0,tests\mypy\modules\plugin_success.py,,1,changed type of field 'my_field' in model 'Model3',0,0,0,0,0,0,1,0,0,0,0,0,0,0
pydantic,synthetic-pydantic-tests\mypy\modules\plugin_success.py-1,tests\mypy\modules\plugin_success.py,,1,changed type of field 'x' in model 'KwargsFrozenModel',0,0,0,0,0,0,1,0,0,0,0,0,0,0
pydantic,synthetic-pydantic-tests\mypy\modules\plugin_success.py-2,tests\mypy\modules\plugin_success.py,,1,changed type of field 'my_field' in model 'Model5',0,0,0,0,0,0,1,0,0,0,0,0,0,0
pydantic,synthetic-pydantic-tests\mypy\modules\plugin_success_baseConfig.py-0,tests\mypy\modules\plugin_success_baseConfig.py,,1,deleted field 'x' from model 'NoMutationModel',0,0,0,0,1,0,0,0,0,0,0,0,0,0
pydantic,synthetic-pydantic-tests\mypy\modules\plugin_success_baseConfig.py-1,tests\mypy\modules\plugin_success_baseConfig.py,,1,changed type of field 'y' in model 'Model',0,0,0,0,0,0,0,0,0,0,0,0,0,0
pydantic,synthetic-pydantic-tests\mypy\modules\plugin_success_baseConfig.py-2,tests\mypy\modules\plugin_success_baseConfig.py,,1,changed type of field 'x' in model 'ClassVarModel',0,0,0,0,0,0,1,0,0,0,0,0,0,0
pydantic,synthetic-pydantic-tests\mypy\modules\root_models.py-0,tests\mypy\modules\root_models.py,,1,changed type of field 'm1' in model 'Model',0,0,0,0,0,0,1,0,0,0,0,0,0,0
pydantic,synthetic-pydantic-tests\mypy\modules\root_models.py-1,tests\mypy\modules\root_models.py,,1,changed type of field 'm1' in model 'Model',0,0,0,0,0,0,1,0,0,0,0,0,0,0
pydantic,synthetic-pydantic-tests\mypy\modules\root_models.py-2,tests\mypy\modules\root_models.py,,1,deleted field 'm1' from model 'Model',0,0,0,0,1,0,0,0,0,0,0,0,0,0
pydantic,synthetic-pydantic-tests\mypy\modules\strict_equality.py-0,tests\mypy\modules\strict_equality.py,,1,changed type of field 'username' in model 'User',0,0,0,0,0,0,1,0,0,0,0,0,0,0
pydantic,synthetic-pydantic-tests\mypy\modules\strict_equality.py-1,tests\mypy\modules\strict_equality.py,,1,changed type of field 'username' in model 'User',0,0,0,0,0,0,1,0,0,0,0,0,0,0
pydantic,synthetic-pydantic-tests\mypy\modules\strict_equality.py-2,tests\mypy\modules\strict_equality.py,,1,changed type of field 'username' in model 'User',0,0,0,0,0,0,1,0,0,0,0,0,0,0
pydantic,synthetic-pydantic-tests\mypy\outputs\mypy-default_ini\metaclass_args.py-0,tests\mypy\outputs\mypy-default_ini\metaclass_args.py,,1,changed type of field 'i' in model 'ConfigClassUsed',0,0,0,0,0,0,1,0,0,0,0,0,0,0
pydantic,synthetic-pydantic-tests\mypy\outputs\mypy-default_ini\metaclass_args.py-1,tests\mypy\outputs\mypy-default_ini\metaclass_args.py,,1,deleted field 'i' from model 'MetaclassArgumentsWithDefault',0,0,0,0,0,0,0,0,0,0,0,0,0,0
pydantic,synthetic-pydantic-tests\mypy\outputs\mypy-default_ini\metaclass_args.py-2,tests\mypy\outputs\mypy-default_ini\metaclass_args.py,,1,changed type of field 'i' in model 'MetaclassArgumentsNoDefault',0,0,0,0,0,0,1,0,0,0,0,0,0,0
pydantic,synthetic-pydantic-tests\mypy\outputs\mypy-default_ini\plugin_success.py-0,tests\mypy\outputs\mypy-default_ini\plugin_success.py,,1,deleted field 'y' from model 'AliasModel',0,0,0,0,1,0,0,0,0,0,0,0,0,0
pydantic,synthetic-pydantic-tests\mypy\outputs\mypy-default_ini\plugin_success.py-1,tests\mypy\outputs\mypy-default_ini\plugin_success.py,,1,changed type of field 'name' in model 'ModelWithAnnotatedValidator',0,0,0,0,0,0,1,0,0,0,0,0,0,0
pydantic,synthetic-pydantic-tests\mypy\outputs\mypy-default_ini\plugin_success.py-2,tests\mypy\outputs\mypy-default_ini\plugin_success.py,,1,deleted field 'my_field' from model 'Model4',0,0,0,0,0,0,0,0,0,0,0,0,0,0
pydantic,synthetic-pydantic-tests\mypy\outputs\mypy-default_ini\plugin_success_baseConfig.py-0,tests\mypy\outputs\mypy-default_ini\plugin_success_baseConfig.py,,1,deleted field 'x' from model 'NoMutationModel',0,0,0,0,1,0,0,0,0,0,0,0,0,0
pydantic,synthetic-pydantic-tests\mypy\outputs\mypy-default_ini\plugin_success_baseConfig.py-1,tests\mypy\outputs\mypy-default_ini\plugin_success_baseConfig.py,,1,deleted field 'model' from model 'NestedModel',0,0,0,0,1,0,0,0,0,0,0,0,0,0
pydantic,synthetic-pydantic-tests\mypy\outputs\mypy-default_ini\plugin_success_baseConfig.py-2,tests\mypy\outputs\mypy-default_ini\plugin_success_baseConfig.py,,1,deleted field 'data' from model 'Response',0,0,0,0,1,0,0,0,0,0,0,0,0,0
pydantic,synthetic-pydantic-tests\mypy\outputs\mypy-default_ini\root_models.py-0,tests\mypy\outputs\mypy-default_ini\root_models.py,,1,changed type of field 'm2' in model 'Model',0,0,0,0,0,0,1,0,0,0,0,0,0,0
pydantic,synthetic-pydantic-tests\mypy\outputs\mypy-default_ini\root_models.py-1,tests\mypy\outputs\mypy-default_ini\root_models.py,,1,changed type of field 'm2' in model 'Model',0,0,0,0,0,0,1,0,0,0,0,0,0,0
pydantic,synthetic-pydantic-tests\mypy\outputs\mypy-default_ini\root_models.py-2,tests\mypy\outputs\mypy-default_ini\root_models.py,,1,deleted field 'm2' from model 'Model',0,0,0,0,1,0,0,0,0,0,0,0,0,0
pydantic,synthetic-pydantic-tests\mypy\outputs\mypy-plugin-strict-no-any_ini\plugin_no_any_dynamic_alias.py-0,tests\mypy\outputs\mypy-plugin-strict-no-any_ini\plugin_no_any_dynamic_alias.py,,1,deleted field 'test_field' from model 'ModelWithAliasChoices',0,0,0,0,0,0,0,0,0,0,0,0,0,0
pydantic,synthetic-pydantic-tests\mypy\outputs\mypy-plugin-strict-no-any_ini\plugin_no_any_dynamic_alias.py-1,tests\mypy\outputs\mypy-plugin-strict-no-any_ini\plugin_no_any_dynamic_alias.py,,1,changed type of field 'test_field' in model 'ModelWithAliasChoices',0,0,0,0,0,0,1,0,0,0,0,0,0,0
pydantic,synthetic-pydantic-tests\mypy\outputs\mypy-plugin-strict-no-any_ini\plugin_no_any_dynamic_alias.py-2,tests\mypy\outputs\mypy-plugin-strict-no-any_ini\plugin_no_any_dynamic_alias.py,,1,deleted field 'test_field' from model 'ModelWithAliasChoices',0,0,0,0,0,0,0,0,0,0,0,0,0,0
pydantic,synthetic-pydantic-tests\mypy\outputs\mypy-plugin-strict_ini\fail_defaults.py-0,tests\mypy\outputs\mypy-plugin-strict_ini\fail_defaults.py,,1,changed type of field 'undefined_default_no_args' in model 'Model',0,0,0,0,0,0,1,0,0,0,0,0,0,0
pydantic,synthetic-pydantic-tests\mypy\outputs\mypy-plugin-strict_ini\fail_defaults.py-1,tests\mypy\outputs\mypy-plugin-strict_ini\fail_defaults.py,,1,changed type of field 'undefined_default_no_args' in model 'Model',0,0,0,0,0,0,1,0,0,0,0,0,0,0
pydantic,synthetic-pydantic-tests\mypy\outputs\mypy-plugin-strict_ini\fail_defaults.py-2,tests\mypy\outputs\mypy-plugin-strict_ini\fail_defaults.py,,1,deleted field 'named_default' from model 'Model',0,0,0,0,1,0,0,0,0,0,0,0,0,0
pydantic,synthetic-pydantic-tests\mypy\outputs\mypy-plugin-strict_ini\plugin_fail.py-0,tests\mypy\outputs\mypy-plugin-strict_ini\plugin_fail.py,,1,deleted field 'name' from model 'ModelWithAnnotatedValidator',0,0,0,0,1,0,0,0,0,0,0,0,0,0
pydantic,synthetic-pydantic-tests\mypy\outputs\mypy-plugin-strict_ini\plugin_fail.py-1,tests\mypy\outputs\mypy-plugin-strict_ini\plugin_fail.py,,1,changed type of field 'x' in model 'UntypedFieldModel',0,0,0,0,0,0,1,0,0,0,0,0,0,0
pydantic,synthetic-pydantic-tests\mypy\outputs\mypy-plugin-strict_ini\plugin_fail.py-2,tests\mypy\outputs\mypy-plugin-strict_ini\plugin_fail.py,,1,deleted field 'error' from model 'Response',0,0,0,0,1,0,0,0,0,0,0,0,0,0
pydantic,synthetic-pydantic-tests\mypy\outputs\mypy-plugin-strict_ini\plugin_fail_baseConfig.py-0,tests\mypy\outputs\mypy-plugin-strict_ini\plugin_fail_baseConfig.py,,1,changed type of field 'data' in model 'Response',0,0,0,0,0,0,1,0,0,0,0,0,0,0
pydantic,synthetic-pydantic-tests\mypy\outputs\mypy-plugin-strict_ini\plugin_fail_baseConfig.py-1,tests\mypy\outputs\mypy-plugin-strict_ini\plugin_fail_baseConfig.py,,1,changed type of field 'y' in model 'KwargsModel',0,0,0,0,0,0,1,0,0,0,0,0,0,0
pydantic,synthetic-pydantic-tests\mypy\outputs\mypy-plugin-strict_ini\plugin_fail_baseConfig.py-2,tests\mypy\outputs\mypy-plugin-strict_ini\plugin_fail_baseConfig.py,,1,changed type of field 'undefined' in model 'UndefinedAnnotationModel',0,0,0,0,0,0,1,0,0,0,0,0,0,0
pydantic,synthetic-pydantic-tests\mypy\outputs\mypy-plugin-strict_ini\plugin_success.py-0,tests\mypy\outputs\mypy-plugin-strict_ini\plugin_success.py,,1,changed type of field 'y' in model 'Model',0,0,0,0,0,0,0,0,0,0,0,0,0,0
pydantic,synthetic-pydantic-tests\mypy\outputs\mypy-plugin-strict_ini\plugin_success.py-1,tests\mypy\outputs\mypy-plugin-strict_ini\plugin_success.py,,1,deleted field 'd' from model 'FieldDefaultTestingModel',0,0,0,0,1,0,0,0,0,0,0,0,0,0
pydantic,synthetic-pydantic-tests\mypy\outputs\mypy-plugin-strict_ini\plugin_success.py-2,tests\mypy\outputs\mypy-plugin-strict_ini\plugin_success.py,,1,deleted field 'my_field' from model 'Model4',0,0,0,0,0,0,0,0,0,0,0,0,0,0
pydantic,synthetic-pydantic-tests\mypy\outputs\mypy-plugin-strict_ini\plugin_success_baseConfig.py-0,tests\mypy\outputs\mypy-plugin-strict_ini\plugin_success_baseConfig.py,,1,changed type of field 'y' in model 'ClassVarModel',0,0,0,0,0,0,1,0,0,0,0,0,0,0
pydantic,synthetic-pydantic-tests\mypy\outputs\mypy-plugin-strict_ini\plugin_success_baseConfig.py-1,tests\mypy\outputs\mypy-plugin-strict_ini\plugin_success_baseConfig.py,,1,deleted field 'x' from model 'Model',0,0,0,0,0,0,0,0,0,0,0,0,0,0
pydantic,synthetic-pydantic-tests\mypy\outputs\mypy-plugin-strict_ini\plugin_success_baseConfig.py-2,tests\mypy\outputs\mypy-plugin-strict_ini\plugin_success_baseConfig.py,,1,changed type of field 'submodel' in model 'SelfReferencingModel',0,0,0,0,0,0,1,0,0,0,0,0,0,0
pydantic,synthetic-pydantic-tests\mypy\outputs\mypy-plugin-very-strict_ini\metaclass_args.py-0,tests\mypy\outputs\mypy-plugin-very-strict_ini\metaclass_args.py,,1,changed type of field 'i' in model 'ConfigClassUsed',0,0,0,0,0,0,1,0,0,0,0,0,0,0
pydantic,synthetic-pydantic-tests\mypy\outputs\mypy-plugin-very-strict_ini\metaclass_args.py-1,tests\mypy\outputs\mypy-plugin-very-strict_ini\metaclass_args.py,,1,deleted field 'i' from model 'MetaclassArgumentsNoDefault',0,0,0,0,0,0,0,0,0,0,0,0,0,0
pydantic,synthetic-pydantic-tests\mypy\outputs\mypy-plugin-very-strict_ini\metaclass_args.py-2,tests\mypy\outputs\mypy-plugin-very-strict_ini\metaclass_args.py,,1,deleted field 'i' from model 'ConfigClassUsed',0,0,0,0,1,0,0,0,0,0,0,0,0,0
pydantic,synthetic-pydantic-tests\mypy\outputs\mypy-plugin_ini\create_model_var.py-0,tests\mypy\outputs\mypy-plugin_ini\create_model_var.py,,1,changed type of field 'a' in model 'Model',0,0,0,0,0,0,1,0,0,0,0,0,0,0
pydantic,synthetic-pydantic-tests\mypy\outputs\mypy-plugin_ini\create_model_var.py-1,tests\mypy\outputs\mypy-plugin_ini\create_model_var.py,,1,changed type of field 'sub' in model 'Main',0,0,0,0,0,0,1,0,0,0,0,0,0,0
pydantic,synthetic-pydantic-tests\mypy\outputs\mypy-plugin_ini\create_model_var.py-2,tests\mypy\outputs\mypy-plugin_ini\create_model_var.py,,1,deleted field 'a' from model 'Model',0,0,0,0,0,0,0,0,0,0,0,0,0,0
pydantic,synthetic-pydantic-tests\mypy\outputs\mypy-plugin_ini\custom_constructor.py-0,tests\mypy\outputs\mypy-plugin_ini\custom_constructor.py,,1,deleted field 'birth_year' from model 'Person',0,0,0,0,1,0,0,0,0,0,0,0,0,0
pydantic,synthetic-pydantic-tests\mypy\outputs\mypy-plugin_ini\custom_constructor.py-1,tests\mypy\outputs\mypy-plugin_ini\custom_constructor.py,,1,deleted field 'name' from model 'Person',0,0,0,0,1,0,0,0,0,0,0,0,0,0
pydantic,synthetic-pydantic-tests\mypy\outputs\mypy-plugin_ini\custom_constructor.py-2,tests\mypy\outputs\mypy-plugin_ini\custom_constructor.py,,1,changed type of field 'birth_year' in model 'Person',0,0,0,0,0,0,1,0,0,0,0,0,0,0
pydantic,synthetic-pydantic-tests\mypy\outputs\mypy-plugin_ini\decorator_implicit_classmethod.py-0,tests\mypy\outputs\mypy-plugin_ini\decorator_implicit_classmethod.py,,1,changed type of field 'a' in model 'Model',0,0,0,0,0,0,1,0,0,0,0,0,0,0
pydantic,synthetic-pydantic-tests\mypy\outputs\mypy-plugin_ini\decorator_implicit_classmethod.py-1,tests\mypy\outputs\mypy-plugin_ini\decorator_implicit_classmethod.py,,1,deleted field 'a' from model 'Model',0,0,0,0,1,0,0,0,0,0,0,0,0,0
pydantic,synthetic-pydantic-tests\mypy\outputs\mypy-plugin_ini\decorator_implicit_classmethod.py-2,tests\mypy\outputs\mypy-plugin_ini\decorator_implicit_classmethod.py,,1,changed type of field 'a' in model 'Model',0,0,0,0,0,0,1,0,0,0,0,0,0,0
pydantic,synthetic-pydantic-tests\mypy\outputs\mypy-plugin_ini\frozen_field.py-0,tests\mypy\outputs\mypy-plugin_ini\frozen_field.py,,1,changed type of field 'a' in model 'Foo',0,0,0,0,0,0,1,0,0,0,0,0,0,0
pydantic,synthetic-pydantic-tests\mypy\outputs\mypy-plugin_ini\frozen_field.py-1,tests\mypy\outputs\mypy-plugin_ini\frozen_field.py,,1,changed type of field 'a' in model 'Foo',0,0,0,0,0,0,1,0,0,0,0,0,0,0
pydantic,synthetic-pydantic-tests\mypy\outputs\mypy-plugin_ini\frozen_field.py-2,tests\mypy\outputs\mypy-plugin_ini\frozen_field.py,,1,deleted field 'parent_attr' from model 'Parent',0,0,0,0,0,0,0,0,0,0,0,0,0,0
pydantic,synthetic-pydantic-tests\mypy\outputs\mypy-plugin_ini\plugin_fail.py-0,tests\mypy\outputs\mypy-plugin_ini\plugin_fail.py,,1,changed type of field 'x' in model 'KwargsAliasGeneratorModel',0,0,0,0,0,0,1,0,0,0,0,0,0,0
pydantic,synthetic-pydantic-tests\mypy\outputs\mypy-plugin_ini\plugin_fail.py-1,tests\mypy\outputs\mypy-plugin_ini\plugin_fail.py,,1,deleted field 'x' from model 'AliasGeneratorModel',0,0,0,0,1,0,0,0,0,0,0,0,0,0
pydantic,synthetic-pydantic-tests\mypy\outputs\mypy-plugin_ini\plugin_fail.py-2,tests\mypy\outputs\mypy-plugin_ini\plugin_fail.py,,1,changed type of field 'x' in model 'Model',0,0,0,0,0,0,1,0,0,0,0,0,0,0
pydantic,synthetic-pydantic-tests\mypy\outputs\mypy-plugin_ini\plugin_fail_baseConfig.py-0,tests\mypy\outputs\mypy-plugin_ini\plugin_fail_baseConfig.py,,1,deleted field 'z' from model 'KwargsDynamicAliasModel',0,0,0,0,1,0,0,0,0,0,0,0,0,0
pydantic,synthetic-pydantic-tests\mypy\outputs\mypy-plugin_ini\plugin_fail_baseConfig.py-1,tests\mypy\outputs\mypy-plugin_ini\plugin_fail_baseConfig.py,,1,deleted field 'undefined' from model 'UndefinedAnnotationModel',0,0,0,0,0,0,0,0,0,0,0,0,0,0
pydantic,synthetic-pydantic-tests\mypy\outputs\mypy-plugin_ini\plugin_fail_baseConfig.py-2,tests\mypy\outputs\mypy-plugin_ini\plugin_fail_baseConfig.py,,1,deleted field 'data' from model 'Response',0,0,0,0,1,0,0,0,0,0,0,0,0,0
pydantic,synthetic-pydantic-tests\mypy\outputs\mypy-plugin_ini\plugin_optional_inheritance.py-0,tests\mypy\outputs\mypy-plugin_ini\plugin_optional_inheritance.py,,1,deleted field 'id' from model 'Foo',0,0,0,0,0,0,0,0,0,0,0,0,0,0
pydantic,synthetic-pydantic-tests\mypy\outputs\mypy-plugin_ini\plugin_optional_inheritance.py-1,tests\mypy\outputs\mypy-plugin_ini\plugin_optional_inheritance.py,,1,changed type of field 'foo' in model 'Bar',0,0,0,0,0,0,1,0,0,0,0,0,0,0
pydantic,synthetic-pydantic-tests\mypy\outputs\mypy-plugin_ini\plugin_optional_inheritance.py-2,tests\mypy\outputs\mypy-plugin_ini\plugin_optional_inheritance.py,,1,deleted field 'foo' from model 'Bar',0,0,0,0,0,0,0,0,0,0,0,0,0,0
pydantic,synthetic-pydantic-tests\mypy\outputs\mypy-plugin_ini\plugin_strict_fields.py-0,tests\mypy\outputs\mypy-plugin_ini\plugin_strict_fields.py,,1,deleted field 'c' from model 'Model',0,0,0,0,1,0,0,0,0,0,0,0,0,0
pydantic,synthetic-pydantic-tests\mypy\outputs\mypy-plugin_ini\plugin_strict_fields.py-1,tests\mypy\outputs\mypy-plugin_ini\plugin_strict_fields.py,,1,deleted field 'b' from model 'Model',0,0,0,0,1,0,0,0,0,0,0,0,0,0
pydantic,synthetic-pydantic-tests\mypy\outputs\mypy-plugin_ini\plugin_strict_fields.py-2,tests\mypy\outputs\mypy-plugin_ini\plugin_strict_fields.py,,1,deleted field 'b' from model 'ModelStrictMode',0,0,0,0,1,0,0,0,0,0,0,0,0,0
pydantic,synthetic-pydantic-tests\mypy\outputs\mypy-plugin_ini\root_models.py-0,tests\mypy\outputs\mypy-plugin_ini\root_models.py,,1,changed type of field 'm1' in model 'Model',0,0,0,0,0,0,1,0,0,0,0,0,0,0
pydantic,synthetic-pydantic-tests\mypy\outputs\mypy-plugin_ini\root_models.py-1,tests\mypy\outputs\mypy-plugin_ini\root_models.py,,1,deleted field 'm3' from model 'Model',0,0,0,0,1,0,0,0,0,0,0,0,0,0
pydantic,synthetic-pydantic-tests\mypy\outputs\mypy-plugin_ini\root_models.py-2,tests\mypy\outputs\mypy-plugin_ini\root_models.py,,1,deleted field 'm2' from model 'Model',0,0,0,0,1,0,0,0,0,0,0,0,0,0
pydantic,synthetic-pydantic-tests\mypy\outputs\pyproject-default_toml\root_models.py-0,tests\mypy\outputs\pyproject-default_toml\root_models.py,,1,deleted field 'm1' from model 'Model',0,0,0,0,1,0,0,0,0,0,0,0,0,0
pydantic,synthetic-pydantic-tests\mypy\outputs\pyproject-default_toml\root_models.py-1,tests\mypy\outputs\pyproject-default_toml\root_models.py,,1,changed type of field 'm1' in model 'Model',0,0,0,0,0,0,1,0,0,0,0,0,0,0
pydantic,synthetic-pydantic-tests\mypy\outputs\pyproject-default_toml\root_models.py-2,tests\mypy\outputs\pyproject-default_toml\root_models.py,,1,deleted field 'm1' from model 'Model',0,0,0,0,1,0,0,0,0,0,0,0,0,0
pydantic,synthetic-pydantic-tests\mypy\outputs\pyproject-plugin-strict-equality_toml\strict_equality.py-0,tests\mypy\outputs\pyproject-plugin-strict-equality_toml\strict_equality.py,,1,changed type of field 'username' in model 'User',0,0,0,0,0,0,1,0,0,0,0,0,0,0
pydantic,synthetic-pydantic-tests\mypy\outputs\pyproject-plugin-strict-equality_toml\strict_equality.py-1,tests\mypy\outputs\pyproject-plugin-strict-equality_toml\strict_equality.py,,1,deleted field 'username' from model 'User',0,0,0,0,0,0,0,0,0,0,0,0,0,0
pydantic,synthetic-pydantic-tests\mypy\outputs\pyproject-plugin-strict-equality_toml\strict_equality.py-2,tests\mypy\outputs\pyproject-plugin-strict-equality_toml\strict_equality.py,,1,changed type of field 'username' in model 'User',0,0,0,0,0,0,1,0,0,0,0,0,0,0
pydantic,synthetic-pydantic-tests\mypy\outputs\pyproject-plugin-strict_toml\fail_defaults.py-0,tests\mypy\outputs\pyproject-plugin-strict_toml\fail_defaults.py,,1,changed type of field 'named_default_factory' in model 'Model',0,0,0,0,0,0,1,0,0,0,0,0,0,0
pydantic,synthetic-pydantic-tests\mypy\outputs\pyproject-plugin-strict_toml\fail_defaults.py-1,tests\mypy\outputs\pyproject-plugin-strict_toml\fail_defaults.py,,1,changed type of field 'named_default' in model 'Model',0,0,0,0,0,0,1,0,0,0,0,0,0,0
pydantic,synthetic-pydantic-tests\mypy\outputs\pyproject-plugin-strict_toml\fail_defaults.py-2,tests\mypy\outputs\pyproject-plugin-strict_toml\fail_defaults.py,,1,deleted field 'named_ellipsis_default' from model 'Model',0,0,0,0,1,0,0,0,0,0,0,0,0,0
pydantic,synthetic-pydantic-tests\mypy\outputs\pyproject-plugin-strict_toml\plugin_fail.py-0,tests\mypy\outputs\pyproject-plugin-strict_toml\plugin_fail.py,,1,deleted field 'y' from model 'Model',0,0,0,0,1,0,0,0,0,0,0,0,0,0
pydantic,synthetic-pydantic-tests\mypy\outputs\pyproject-plugin-strict_toml\plugin_fail.py-1,tests\mypy\outputs\pyproject-plugin-strict_toml\plugin_fail.py,,1,deleted field 'g' from model 'DefaultTestingModel',0,0,0,0,1,0,0,0,0,0,0,0,0,0
pydantic,synthetic-pydantic-tests\mypy\outputs\pyproject-plugin-strict_toml\plugin_fail.py-2,tests\mypy\outputs\pyproject-plugin-strict_toml\plugin_fail.py,,1,deleted field 'undefined' from model 'UndefinedAnnotationModel',0,0,0,0,0,0,0,0,0,0,0,0,0,0
pydantic,synthetic-pydantic-tests\mypy\outputs\pyproject-plugin-strict_toml\plugin_fail_baseConfig.py-0,tests\mypy\outputs\pyproject-plugin-strict_toml\plugin_fail_baseConfig.py,,1,deleted field 'x' from model 'KwargsDynamicAliasModel',0,0,0,0,1,0,0,0,0,0,0,0,0,0
pydantic,synthetic-pydantic-tests\mypy\outputs\pyproject-plugin-strict_toml\plugin_fail_baseConfig.py-1,tests\mypy\outputs\pyproject-plugin-strict_toml\plugin_fail_baseConfig.py,,1,changed type of field 'z' in model 'AliasModel',0,0,0,0,0,0,1,0,0,0,0,0,0,0
pydantic,synthetic-pydantic-tests\mypy\outputs\pyproject-plugin-strict_toml\plugin_fail_baseConfig.py-2,tests\mypy\outputs\pyproject-plugin-strict_toml\plugin_fail_baseConfig.py,,1,deleted field 'x' from model 'DynamicAliasModel2',0,0,0,0,1,0,0,0,0,0,0,0,0,0
pydantic,synthetic-pydantic-tests\mypy\outputs\pyproject-plugin-strict_toml\plugin_success.py-0,tests\mypy\outputs\pyproject-plugin-strict_toml\plugin_success.py,,1,changed type of field 'x' in model 'FrozenModel',0,0,0,0,0,0,1,0,0,0,0,0,0,0
pydantic,synthetic-pydantic-tests\mypy\outputs\pyproject-plugin-strict_toml\plugin_success.py-1,tests\mypy\outputs\pyproject-plugin-strict_toml\plugin_success.py,,1,deleted field 'my_field' from model 'Model4',0,0,0,0,0,0,0,0,0,0,0,0,0,0
pydantic,synthetic-pydantic-tests\mypy\outputs\pyproject-plugin-strict_toml\plugin_success.py-2,tests\mypy\outputs\pyproject-plugin-strict_toml\plugin_success.py,,1,changed type of field 'my_field' in model 'Model2',0,0,0,0,0,0,1,0,0,0,0,0,0,0
pydantic,synthetic-pydantic-tests\mypy\outputs\pyproject-plugin-strict_toml\plugin_success_baseConfig.py-0,tests\mypy\outputs\pyproject-plugin-strict_toml\plugin_success_baseConfig.py,,1,changed type of field 'x' in model 'KwargsFrozenModel',0,0,0,0,0,0,1,0,0,0,0,0,0,0
pydantic,synthetic-pydantic-tests\mypy\outputs\pyproject-plugin-strict_toml\plugin_success_baseConfig.py-1,tests\mypy\outputs\pyproject-plugin-strict_toml\plugin_success_baseConfig.py,,1,changed type of field 'y' in model 'KwargsModel',0,0,0,0,0,0,1,0,0,0,0,0,0,0
pydantic,synthetic-pydantic-tests\mypy\outputs\pyproject-plugin-strict_toml\plugin_success_baseConfig.py-2,tests\mypy\outputs\pyproject-plugin-strict_toml\plugin_success_baseConfig.py,,1,deleted field 'x' from model 'KwargsNoMutationModel',0,0,0,0,0,0,0,0,0,0,0,0,0,0
pydantic,synthetic-pydantic-tests\mypy\outputs\pyproject-plugin_toml\decorator_implicit_classmethod.py-0,tests\mypy\outputs\pyproject-plugin_toml\decorator_implicit_classmethod.py,,1,deleted field 'a' from model 'Model',0,0,0,0,1,0,0,0,0,0,0,0,0,0
pydantic,synthetic-pydantic-tests\mypy\outputs\pyproject-plugin_toml\decorator_implicit_classmethod.py-1,tests\mypy\outputs\pyproject-plugin_toml\decorator_implicit_classmethod.py,,1,deleted field 'a' from model 'Model',0,0,0,0,1,0,0,0,0,0,0,0,0,0
pydantic,synthetic-pydantic-tests\mypy\outputs\pyproject-plugin_toml\decorator_implicit_classmethod.py-2,tests\mypy\outputs\pyproject-plugin_toml\decorator_implicit_classmethod.py,,1,changed type of field 'a' in model 'Model',0,0,0,0,0,0,1,0,0,0,0,0,0,0
pydantic,synthetic-pydantic-tests\mypy\outputs\pyproject-plugin_toml\plugin_fail.py-0,tests\mypy\outputs\pyproject-plugin_toml\plugin_fail.py,,1,changed type of field 'i' in model 'DefaultTestingModel',0,0,0,0,0,0,1,0,0,0,0,0,0,0
pydantic,synthetic-pydantic-tests\mypy\outputs\pyproject-plugin_toml\plugin_fail.py-1,tests\mypy\outputs\pyproject-plugin_toml\plugin_fail.py,,1,changed type of field 'i' in model 'DefaultTestingModel',0,0,0,0,0,0,1,0,0,0,0,0,0,0
pydantic,synthetic-pydantic-tests\mypy\outputs\pyproject-plugin_toml\plugin_fail.py-2,tests\mypy\outputs\pyproject-plugin_toml\plugin_fail.py,,1,deleted field 'x' from model 'KwargsAliasGeneratorModel2',0,0,0,0,0,0,0,0,0,0,0,0,0,0
pydantic,synthetic-pydantic-tests\mypy\outputs\pyproject-plugin_toml\plugin_fail_baseConfig.py-0,tests\mypy\outputs\pyproject-plugin_toml\plugin_fail_baseConfig.py,,1,changed type of field 'x' in model 'DynamicAliasModel',0,0,0,0,0,0,1,0,0,0,0,0,0,0
pydantic,synthetic-pydantic-tests\mypy\outputs\pyproject-plugin_toml\plugin_fail_baseConfig.py-1,tests\mypy\outputs\pyproject-plugin_toml\plugin_fail_baseConfig.py,,1,changed type of field 'x' in model 'AliasGeneratorModel',0,0,0,0,0,0,1,0,0,0,0,0,0,0
pydantic,synthetic-pydantic-tests\mypy\outputs\pyproject-plugin_toml\plugin_fail_baseConfig.py-2,tests\mypy\outputs\pyproject-plugin_toml\plugin_fail_baseConfig.py,,1,deleted field 'i' from model 'DefaultTestingModel',0,0,0,0,1,0,0,0,0,0,0,0,0,0
pydantic,synthetic-pydantic-tests\plugin\example_plugin.py-0,tests\plugin\example_plugin.py,,1,deleted field 'x' from model 'MyModel',0,0,0,0,0,0,0,0,0,0,0,0,0,0
pydantic,synthetic-pydantic-tests\plugin\example_plugin.py-1,tests\plugin\example_plugin.py,,1,changed type of field 'x' in model 'MyModel',0,0,0,0,0,0,1,0,0,0,0,0,0,0
pydantic,synthetic-pydantic-tests\plugin\example_plugin.py-2,tests\plugin\example_plugin.py,,1,changed type of field 'x' in model 'MyModel',0,0,0,0,0,0,1,0,0,0,0,0,0,0
pydantic,synthetic-pydantic-tests\plugin\test_plugin.py-0,tests\plugin\test_plugin.py,,1,deleted field 'x' from model 'MyModel',0,0,0,0,1,0,0,0,0,0,0,0,0,0
pydantic,synthetic-pydantic-tests\plugin\test_plugin.py-1,tests\plugin\test_plugin.py,,1,changed type of field 'x' in model 'MyModel',0,0,0,0,0,0,1,0,0,0,0,0,0,0
pydantic,synthetic-pydantic-tests\plugin\test_plugin.py-2,tests\plugin\test_plugin.py,,1,deleted field 'x' from model 'MyModel',0,0,0,0,1,0,0,0,0,0,0,0,0,0
pydantic,synthetic-pydantic-tests\typechecking\base_model.py-0,tests\typechecking\base_model.py,,1,changed type of field 'z' in model 'MyModel',0,0,0,0,0,0,1,0,0,0,0,0,0,0
pydantic,synthetic-pydantic-tests\typechecking\base_model.py-1,tests\typechecking\base_model.py,,1,deleted field 'title' from model 'Knight',0,0,0,0,1,0,0,0,0,0,0,0,0,0
pydantic,synthetic-pydantic-tests\typechecking\base_model.py-2,tests\typechecking\base_model.py,,1,deleted field 'title' from model 'Knight',0,0,0,0,1,0,0,0,0,0,0,0,0,0
pydantic,synthetic-pydantic-tests\typechecking\computed_field.py-0,tests\typechecking\computed_field.py,,1,deleted field 'side' from model 'Square',0,0,0,0,1,0,0,0,0,0,0,0,0,0
pydantic,synthetic-pydantic-tests\typechecking\computed_field.py-1,tests\typechecking\computed_field.py,,1,deleted field 'side' from model 'Square',0,0,0,0,1,0,0,0,0,0,0,0,0,0
pydantic,synthetic-pydantic-tests\typechecking\computed_field.py-2,tests\typechecking\computed_field.py,,1,changed type of field 'side' in model 'Square',0,0,0,0,0,0,1,0,0,0,0,0,0,0
pydantic,synthetic-pydantic-tests\typechecking\decorators.py-0,tests\typechecking\decorators.py,,1,changed type of field 'a' in model 'WrapFieldSerializer',0,0,0,0,0,0,1,0,0,0,0,0,0,0
pydantic,synthetic-pydantic-tests\typechecking\decorators.py-1,tests\typechecking\decorators.py,,1,changed type of field 'a' in model 'PlainFieldSerializer',0,0,0,0,0,0,1,0,0,0,0,0,0,0
pydantic,synthetic-pydantic-tests\typechecking\decorators.py-2,tests\typechecking\decorators.py,,1,deleted field 'a' from model 'PlainFieldSerializer',0,0,0,0,1,0,0,0,0,0,0,0,0,0
pydantic,synthetic-pydantic-tests\typechecking\fields.py-0,tests\typechecking\fields.py,,1,changed type of field 'f2' in model 'Model',0,0,0,0,0,0,1,0,0,0,0,0,0,0
pydantic,synthetic-pydantic-tests\typechecking\fields.py-1,tests\typechecking\fields.py,,1,deleted field '_private_field' from model 'ModelWithPrivateAttr',0,0,0,0,0,0,0,0,0,0,0,0,0,0
pydantic,synthetic-pydantic-tests\typechecking\fields.py-2,tests\typechecking\fields.py,,1,deleted field 'f1' from model 'Model',0,0,0,0,1,0,0,0,0,0,0,0,0,0
pydantic,synthetic-pydantic-tests\typechecking\misc.py-0,tests\typechecking\misc.py,,1,changed type of field 'subs' in model 'Model',0,0,0,0,0,0,1,0,0,0,0,0,0,0
pydantic,synthetic-pydantic-tests\typechecking\misc.py-1,tests\typechecking\misc.py,,1,changed type of field 'b' in model 'Sub',0,0,0,0,0,0,1,0,0,0,0,0,0,0
pydantic,synthetic-pydantic-tests\typechecking\misc.py-2,tests\typechecking\misc.py,,1,changed type of field 'b' in model 'Sub',0,0,0,0,0,0,1,0,0,0,0,0,0,0
pydantic,synthetic-pydantic-tests\types\test_bytes.py-0,tests\types\test_bytes.py,,1,changed type of field 'v' in model 'Model',0,0,0,0,0,0,1,0,0,0,0,0,0,0
pydantic,synthetic-pydantic-tests\types\test_bytes.py-1,tests\types\test_bytes.py,,1,changed type of field 'v' in model 'Model',0,0,0,0,0,0,1,0,0,0,0,0,0,0
pydantic,synthetic-pydantic-tests\types\test_bytes.py-2,tests\types\test_bytes.py,,1,deleted field 'v' from model 'Model',0,0,0,0,0,0,0,0,0,0,0,0,0,0
pydantic,synthetic-pydantic-tests\types\test_decimal.py-0,tests\types\test_decimal.py,,1,changed type of field 'foo' in model 'Model',0,0,0,0,0,0,0,0,0,0,0,0,0,0
pydantic,synthetic-pydantic-tests\types\test_decimal.py-1,tests\types\test_decimal.py,,1,changed type of field 'foo' in model 'Model',0,0,0,0,0,0,0,0,0,0,0,0,0,0
pydantic,synthetic-pydantic-tests\types\test_decimal.py-2,tests\types\test_decimal.py,,1,changed type of field 'foo' in model 'Model',0,0,0,0,0,0,0,0,0,0,0,0,0,0
pydantic,synthetic-pydantic-tests\types\test_deque.py-0,tests\types\test_deque.py,,1,deleted field 'field' from model 'DequeModel1',0,0,0,0,0,0,0,0,0,0,0,0,0,0
pydantic,synthetic-pydantic-tests\types\test_deque.py-1,tests\types\test_deque.py,,1,changed type of field 'field' in model 'DequeModel2',0,0,0,0,0,0,1,0,0,0,0,0,0,0
pydantic,synthetic-pydantic-tests\types\test_deque.py-2,tests\types\test_deque.py,,1,deleted field 'x' from model 'Model2',0,0,0,0,0,0,0,0,0,0,0,0,0,0
pydantic,synthetic-pydantic-tests\types\test_enum.py-0,tests\types\test_enum.py,,1,deleted field 'other_model' from model 'Model',0,0,0,0,1,0,0,0,0,0,0,0,0,0
pydantic,synthetic-pydantic-tests\types\test_enum.py-1,tests\types\test_enum.py,,1,deleted field 'my_enum' from model 'Model',0,0,0,0,0,0,0,0,0,0,0,0,0,0
pydantic,synthetic-pydantic-tests\types\test_enum.py-2,tests\types\test_enum.py,,1,deleted field 'my_enum' from model 'OtherModel',0,0,0,0,0,0,0,0,0,0,0,0,0,0
pydantic,synthetic-pydantic-tests\types\test_float.py-0,tests\types\test_float.py,,1,changed type of field 'b' in model 'Model',0,0,0,0,0,0,1,0,0,0,0,0,0,0
pydantic,synthetic-pydantic-tests\types\test_float.py-1,tests\types\test_float.py,,1,deleted field 'a' from model 'Model',0,0,0,0,1,0,0,0,0,0,0,0,0,0
pydantic,synthetic-pydantic-tests\types\test_float.py-2,tests\types\test_float.py,,1,changed type of field 'e' in model 'Model',0,0,0,0,0,0,1,0,0,0,0,0,0,0
pydantic,synthetic-pydantic-tests\types\test_frozendict.py-0,tests\types\test_frozendict.py,,1,deleted field 'x' from model 'Model',0,0,0,0,1,0,0,0,0,0,0,0,0,0
pydantic,synthetic-pydantic-tests\types\test_frozendict.py-1,tests\types\test_frozendict.py,,1,deleted field 'x' from model 'Model',0,0,0,0,1,0,0,0,0,0,0,0,0,0
pydantic,synthetic-pydantic-tests\types\test_frozendict.py-2,tests\types\test_frozendict.py,,1,deleted field 'x' from model 'Model',0,0,0,0,1,0,0,0,0,0,0,0,0,0
pydantic,synthetic-pydantic-tests\types\test_frozenset.py-0,tests\types\test_frozenset.py,,1,changed type of field 'opt' in model 'Model',0,0,0,0,0,0,1,0,0,0,0,0,0,0
pydantic,synthetic-pydantic-tests\types\test_frozenset.py-1,tests\types\test_frozenset.py,,1,deleted field 'foo' from model 'Model',0,0,0,0,0,0,0,0,0,0,0,0,0,0
pydantic,synthetic-pydantic-tests\types\test_frozenset.py-2,tests\types\test_frozenset.py,,1,changed type of field 'opt' in model 'Model',0,0,0,0,0,0,1,0,0,0,0,0,0,0
pydantic,synthetic-pydantic-tests\types\test_int.py-0,tests\types\test_int.py,,1,changed type of field 'g' in model 'Model',0,0,0,0,0,0,1,0,0,0,0,0,0,0
pydantic,synthetic-pydantic-tests\types\test_int.py-1,tests\types\test_int.py,,1,changed type of field 'b' in model 'Model',0,0,0,0,0,0,1,0,0,0,0,0,0,0
pydantic,synthetic-pydantic-tests\types\test_int.py-2,tests\types\test_int.py,,1,deleted field 'a' from model 'Model',0,0,0,0,1,0,0,0,0,0,0,0,0,0
pydantic,synthetic-pydantic-tests\types\test_iterable.py-0,tests\types\test_iterable.py,,1,changed type of field 'b' in model 'Model',0,0,0,0,0,0,1,0,0,0,0,0,0,0
pydantic,synthetic-pydantic-tests\types\test_iterable.py-1,tests\types\test_iterable.py,,1,changed type of field 'it' in model 'Model',0,0,0,0,0,0,1,0,0,0,0,0,0,0
pydantic,synthetic-pydantic-tests\types\test_iterable.py-2,tests\types\test_iterable.py,,1,changed type of field 'it' in model 'Model',0,0,0,0,0,0,1,0,0,0,0,0,0,0
pydantic,synthetic-pydantic-tests\types\test_list.py-0,tests\types\test_list.py,,1,deleted field 'v' from model 'ConListModelMax',0,0,0,0,0,0,0,0,0,0,0,0,0,0
pydantic,synthetic-pydantic-tests\types\test_list.py-1,tests\types\test_list.py,,1,changed type of field 'opt' in model 'Model',0,0,0,0,0,0,0,0,0,0,0,0,0,0
pydantic,synthetic-pydantic-tests\types\test_list.py-2,tests\types\test_list.py,,1,changed type of field 'v' in model 'Model',0,0,0,0,0,0,1,0,0,0,0,0,0,0
pydantic,synthetic-pydantic-tests\types\test_model.py-0,tests\types\test_model.py,,1,deleted field 'a' from model 'ModelA',0,0,0,0,1,0,0,0,0,0,0,0,0,0
pydantic,synthetic-pydantic-tests\types\test_model.py-1,tests\types\test_model.py,,1,deleted field 'a' from model 'ModelA',0,0,0,0,0,0,0,0,0,0,0,0,0,0
pydantic,synthetic-pydantic-tests\types\test_model.py-2,tests\types\test_model.py,,1,deleted field 'a' from model 'ModelA',0,0,0,0,1,0,0,0,0,0,0,0,0,0
pydantic,synthetic-pydantic-tests\types\test_namedtuple.py-0,tests\types\test_namedtuple.py,,1,changed type of field 'x' in model 'ModelNoArbitraryTypes',0,0,0,0,0,0,1,0,0,0,0,0,0,0
pydantic,synthetic-pydantic-tests\types\test_namedtuple.py-1,tests\types\test_namedtuple.py,,1,changed type of field 'tup' in model 'Model',0,0,0,0,0,0,0,0,0,0,0,0,0,0
pydantic,synthetic-pydantic-tests\types\test_namedtuple.py-2,tests\types\test_namedtuple.py,,1,deleted field 'event' from model 'Model',0,0,0,0,0,0,0,0,0,0,0,0,0,0
pydantic,synthetic-pydantic-tests\types\test_none.py-0,tests\types\test_none.py,,1,deleted field 'my_json_none' from model 'Model',0,0,0,0,0,0,0,0,0,0,0,0,0,0
pydantic,synthetic-pydantic-tests\types\test_none.py-1,tests\types\test_none.py,,1,changed type of field 'my_none_dict' in model 'Model',0,0,0,0,0,0,1,0,0,0,0,0,0,0
pydantic,synthetic-pydantic-tests\types\test_none.py-2,tests\types\test_none.py,,1,changed type of field 'my_none' in model 'Model',0,0,0,0,0,0,0,0,0,0,0,0,0,0
pydantic,synthetic-pydantic-tests\types\test_path.py-0,tests\types\test_path.py,,1,deleted field 'path' from model 'Config',0,0,0,0,0,0,0,0,0,0,0,0,0,0
pydantic,synthetic-pydantic-tests\types\test_path.py-1,tests\types\test_path.py,,1,deleted field 'a' from model 'Model',0,0,0,0,1,0,0,0,0,0,0,0,0,0
pydantic,synthetic-pydantic-tests\types\test_path.py-2,tests\types\test_path.py,,1,deleted field 'x' from model 'Model',0,0,0,0,0,0,0,0,0,0,0,0,0,0
pydantic,synthetic-pydantic-tests\types\test_pattern.py-0,tests\types\test_pattern.py,,1,changed type of field 'str_regex' in model 'Foobar',0,0,0,0,0,0,0,0,0,0,0,0,0,0
pydantic,synthetic-pydantic-tests\types\test_pattern.py-1,tests\types\test_pattern.py,,1,deleted field 'str_regex' from model 'Foobar',0,0,0,0,0,0,0,0,0,0,0,0,0,0
pydantic,synthetic-pydantic-tests\types\test_pattern.py-2,tests\types\test_pattern.py,,1,changed type of field 'str_regex' in model 'Foobar',0,0,0,0,0,0,0,0,0,0,0,0,0,0
pydantic,synthetic-pydantic-tests\types\test_sequence.py-0,tests\types\test_sequence.py,,1,deleted field 'a' from model 'Model',0,0,0,0,0,0,0,0,0,0,0,0,0,0
pydantic,synthetic-pydantic-tests\types\test_sequence.py-1,tests\types\test_sequence.py,,1,deleted field 'a' from model 'Model',0,0,0,0,0,0,0,0,0,0,0,0,0,0
pydantic,synthetic-pydantic-tests\types\test_sequence.py-2,tests\types\test_sequence.py,,1,changed type of field 'a' in model 'Model',0,0,0,0,0,0,1,0,0,0,0,0,0,0
pydantic,synthetic-pydantic-tests\types\test_set.py-0,tests\types\test_set.py,,1,changed type of field 'foo' in model 'Model',0,0,0,0,0,0,1,0,0,0,0,0,0,0
pydantic,synthetic-pydantic-tests\types\test_set.py-1,tests\types\test_set.py,,1,deleted field 'v' from model 'Model',0,0,0,0,0,0,0,0,0,0,0,0,0,0
pydantic,synthetic-pydantic-tests\types\test_set.py-2,tests\types\test_set.py,,1,changed type of field 'v' in model 'Model',0,0,0,0,0,0,0,0,0,0,0,0,0,0
pydantic,synthetic-pydantic-tests\types\test_str.py-0,tests\types\test_str.py,,1,deleted field 'v' from model 'Model',0,0,0,0,0,0,0,0,0,0,0,0,0,0
pydantic,synthetic-pydantic-tests\types\test_str.py-1,tests\types\test_str.py,,1,deleted field 'v' from model 'Model',0,0,0,0,0,0,0,0,0,0,0,0,0,0
pydantic,synthetic-pydantic-tests\types\test_str.py-2,tests\types\test_str.py,,1,deleted field 'v' from model 'Model',0,0,0,0,0,0,0,0,0,0,0,0,0,0
pydantic,synthetic-pydantic-tests\types\test_uuid.py-0,tests\types\test_uuid.py,,1,deleted field 'v4' from model 'Model',0,0,0,0,1,0,0,0,0,0,0,0,0,0
pydantic,synthetic-pydantic-tests\types\test_uuid.py-1,tests\types\test_uuid.py,,1,changed type of field 'd' in model 'StrictByConfig',0,0,0,0,0,0,1,0,0,0,0,0,0,0
pydantic,synthetic-pydantic-tests\types\test_uuid.py-2,tests\types\test_uuid.py,,1,deleted field 'd' from model 'StrictByField',0,0,0,0,1,0,0,0,0,0,0,0,0,0
pydantic,synthetic-pydantic-tests\types\unions\test_discriminated_union.py-0,tests\types\unions\test_discriminated_union.py,,1,deleted field 'action' from model 'Model2',0,0,0,0,0,0,0,0,0,0,0,0,0,0
pydantic,synthetic-pydantic-tests\types\unions\test_discriminated_union.py-1,tests\types\unions\test_discriminated_union.py,,1,deleted field 'id' from model 'CreateItem2',0,0,0,0,1,0,0,0,0,0,0,0,0,0
pydantic,synthetic-pydantic-tests\types\unions\test_discriminated_union.py-2,tests\types\unions\test_discriminated_union.py,,1,deleted field 'u' from model 'Container',0,0,0,0,1,0,0,0,0,0,0,0,0,0
pydantic,synthetic-pydantic-tests\types\unions\test_union.py-0,tests\types\unions\test_union.py,,1,deleted field 'x' from model 'X',0,0,0,0,0,0,0,0,0,0,0,0,0,0
pydantic,synthetic-pydantic-tests\types\unions\test_union.py-1,tests\types\unions\test_union.py,,1,deleted field 'b' from model 'Larger',0,0,0,0,1,0,0,0,0,0,0,0,0,0
pydantic,synthetic-pydantic-tests\types\unions\test_union.py-2,tests\types\unions\test_union.py,,1,changed type of field 'type' in model 'Dog',0,0,0,0,0,0,1,0,0,0,0,0,0,0
sqlmodel,synthetic-sqlmodel-docs_src\tutorial\fastapi\delete\tutorial001_py310.py-0,docs_src\tutorial\fastapi\delete\tutorial001_py310.py,,1,removed route param 'limit' from function 'read_heroes',0,0,0,0,0,0,0,0,0,0,0,1,0,0
sqlmodel,synthetic-sqlmodel-docs_src\tutorial\fastapi\delete\tutorial001_py310.py-1,docs_src\tutorial\fastapi\delete\tutorial001_py310.py,,1,removed route param 'limit' from function 'read_heroes',0,0,0,0,0,0,0,0,0,0,0,1,0,0
sqlmodel,synthetic-sqlmodel-docs_src\tutorial\fastapi\delete\tutorial001_py310.py-2,docs_src\tutorial\fastapi\delete\tutorial001_py310.py,,1,removed route param 'limit' from function 'read_heroes',0,0,0,0,0,0,0,0,0,0,0,1,0,0
sqlmodel,synthetic-sqlmodel-docs_src\tutorial\fastapi\limit_and_offset\tutorial001_py310.py-0,docs_src\tutorial\fastapi\limit_and_offset\tutorial001_py310.py,,1,removed route param 'offset' from function 'read_heroes',0,0,0,0,0,0,0,0,0,0,0,1,0,0
sqlmodel,synthetic-sqlmodel-docs_src\tutorial\fastapi\limit_and_offset\tutorial001_py310.py-1,docs_src\tutorial\fastapi\limit_and_offset\tutorial001_py310.py,,1,renamed route param 'limit' in function 'read_heroes',0,0,0,0,0,0,0,0,0,0,0,2,0,0
sqlmodel,synthetic-sqlmodel-docs_src\tutorial\fastapi\limit_and_offset\tutorial001_py310.py-2,docs_src\tutorial\fastapi\limit_and_offset\tutorial001_py310.py,,1,renamed route param 'hero' in function 'create_hero',0,0,0,0,0,0,0,0,0,0,0,2,0,0
sqlmodel,synthetic-sqlmodel-docs_src\tutorial\fastapi\multiple_models\tutorial002_py310.py-0,docs_src\tutorial\fastapi\multiple_models\tutorial002_py310.py,,1,renamed route param 'hero' in function 'create_hero',0,0,0,0,0,0,0,0,0,0,0,2,0,0
sqlmodel,synthetic-sqlmodel-docs_src\tutorial\fastapi\read_one\tutorial001_py310.py-0,docs_src\tutorial\fastapi\read_one\tutorial001_py310.py,,1,renamed route param 'hero_id' in function 'read_hero',0,0,0,0,0,0,0,0,0,0,0,2,0,0
sqlmodel,synthetic-sqlmodel-docs_src\tutorial\fastapi\read_one\tutorial001_py310.py-1,docs_src\tutorial\fastapi\read_one\tutorial001_py310.py,,1,renamed route param 'hero' in function 'create_hero',0,0,0,0,0,0,0,0,0,0,0,2,0,0
sqlmodel,synthetic-sqlmodel-docs_src\tutorial\fastapi\read_one\tutorial001_py310.py-2,docs_src\tutorial\fastapi\read_one\tutorial001_py310.py,,1,renamed route param 'hero' in function 'create_hero',0,0,0,0,0,0,0,0,0,0,0,2,0,0
sqlmodel,synthetic-sqlmodel-docs_src\tutorial\fastapi\response_model\tutorial001_py310.py-0,docs_src\tutorial\fastapi\response_model\tutorial001_py310.py,,1,renamed route param 'hero' in function 'create_hero',0,0,0,0,0,0,0,0,0,0,0,2,0,0
sqlmodel,synthetic-sqlmodel-docs_src\tutorial\fastapi\response_model\tutorial001_py310.py-1,docs_src\tutorial\fastapi\response_model\tutorial001_py310.py,,1,renamed route param 'hero' in function 'create_hero',0,0,0,0,0,0,0,0,0,0,0,2,0,0
sqlmodel,synthetic-sqlmodel-docs_src\tutorial\fastapi\simple_hero_api\tutorial001_py310.py-0,docs_src\tutorial\fastapi\simple_hero_api\tutorial001_py310.py,,1,renamed route param 'hero' in function 'create_hero',0,0,0,0,0,0,0,0,0,0,0,2,0,0
sqlmodel,synthetic-sqlmodel-docs_src\tutorial\fastapi\simple_hero_api\tutorial001_py310.py-1,docs_src\tutorial\fastapi\simple_hero_api\tutorial001_py310.py,,1,renamed route param 'hero' in function 'create_hero',0,0,0,0,0,0,0,0,0,0,0,2,0,0
sqlmodel,synthetic-sqlmodel-docs_src\tutorial\fastapi\update\tutorial001_py310.py-0,docs_src\tutorial\fastapi\update\tutorial001_py310.py,,1,removed route param 'limit' from function 'read_heroes',0,0,0,0,0,0,0,0,0,0,0,1,0,0
sqlmodel,synthetic-sqlmodel-docs_src\tutorial\fastapi\update\tutorial001_py310.py-1,docs_src\tutorial\fastapi\update\tutorial001_py310.py,,1,renamed route param 'hero_id' in function 'update_hero',0,0,0,0,0,0,0,0,0,0,0,2,0,0
sqlmodel,synthetic-sqlmodel-docs_src\tutorial\fastapi\update\tutorial001_py310.py-2,docs_src\tutorial\fastapi\update\tutorial001_py310.py,,1,renamed route param 'limit' in function 'read_heroes',0,0,0,0,0,0,0,0,0,0,0,2,0,0
sqlmodel,synthetic-sqlmodel-docs_src\tutorial\fastapi\update\tutorial002_py310.py-0,docs_src\tutorial\fastapi\update\tutorial002_py310.py,,1,renamed route param 'hero' in function 'create_hero',0,0,0,0,0,0,0,0,0,0,0,2,0,0
sqlmodel,synthetic-sqlmodel-docs_src\tutorial\fastapi\update\tutorial002_py310.py-1,docs_src\tutorial\fastapi\update\tutorial002_py310.py,,1,removed route param 'hero_id' from function 'update_hero',0,0,0,0,0,0,0,0,0,0,0,1,0,0
sqlmodel,synthetic-sqlmodel-docs_src\tutorial\fastapi\update\tutorial002_py310.py-2,docs_src\tutorial\fastapi\update\tutorial002_py310.py,,1,renamed route param 'hero_id' in function 'read_hero',0,0,0,0,0,0,0,0,0,0,0,2,0,0
sqlmodel,synthetic-sqlmodel-scripts\deploy_docs_status.py-0,scripts\deploy_docs_status.py,,1,deleted field 'previous_link' from model 'LinkData',0,0,0,0,1,0,0,0,0,0,0,0,0,0
sqlmodel,synthetic-sqlmodel-scripts\deploy_docs_status.py-1,scripts\deploy_docs_status.py,,1,changed type of field 'previous_link' in model 'LinkData',0,0,0,0,0,0,1,0,0,0,0,0,0,0
sqlmodel,synthetic-sqlmodel-scripts\deploy_docs_status.py-2,scripts\deploy_docs_status.py,,1,deleted field 'previous_link' from model 'LinkData',0,0,0,0,1,0,0,0,0,0,0,0,0,0
sqlmodel,synthetic-sqlmodel-scripts\generate_select.py-0,scripts\generate_select.py,,1,changed type of field 'name' in model 'Arg',0,0,0,0,0,0,1,0,0,0,0,0,0,0
sqlmodel,synthetic-sqlmodel-scripts\generate_select.py-1,scripts\generate_select.py,,1,deleted field 'name' from model 'Arg',0,0,0,0,1,0,0,0,0,0,0,0,0,0
sqlmodel,synthetic-sqlmodel-scripts\generate_select.py-2,scripts\generate_select.py,,1,deleted field 'annotation' from model 'Arg',0,0,0,0,1,0,0,0,0,0,0,0,0,0
sqlmodel,synthetic-sqlmodel-sqlmodel\main.py-0,sqlmodel\main.py,,1,changed type of field '__sqlmodel_relationships__' in model 'SQLModel',0,0,0,0,0,0,1,0,0,0,0,0,0,0
sqlmodel,synthetic-sqlmodel-sqlmodel\main.py-1,sqlmodel\main.py,,1,deleted field 'metadata' from model 'SQLModel',0,0,0,0,1,0,0,0,0,0,0,0,0,0
sqlmodel,synthetic-sqlmodel-sqlmodel\main.py-2,sqlmodel\main.py,,1,deleted field '__sqlmodel_relationships__' from model 'SQLModel',0,0,0,0,1,0,0,0,0,0,0,0,0,0
sqlmodel,synthetic-sqlmodel-tests\test_aliases.py-0,tests\test_aliases.py,,1,changed type of field 'first_name' in model 'PydanticUserV2',0,0,0,0,0,0,1,0,0,0,0,0,0,0
sqlmodel,synthetic-sqlmodel-tests\test_aliases.py-1,tests\test_aliases.py,,1,changed type of field 'first_name' in model 'PydanticUserV2',0,0,0,0,0,0,1,0,0,0,0,0,0,0
sqlmodel,synthetic-sqlmodel-tests\test_aliases.py-2,tests\test_aliases.py,,1,changed type of field 'first_name' in model 'PydanticUserV2',0,0,0,0,0,0,1,0,0,0,0,0,0,0
